CLIENTE,Mes,NIT,RUT,RESPONSABLE
GILDARDO DE JESUS USME MORALES,Enero,0,..\..\..\RUT\GILDARDO DE JESUS USME MORALES.pdf,ANA
GILDARDO DE JESUS USME MORALES,Febrero,0,..\..\..\RUT\GILDARDO DE JESUS USME MORALES.pdf,ANA
GILDARDO DE JESUS USME MORALES,Marzo,0,..\..\..\RUT\GILDARDO DE JESUS USME MORALES.pdf,ANA
GILDARDO DE JESUS USME MORALES,Abril,0,..\..\..\RUT\GILDARDO DE JESUS USME MORALES.pdf,ANA
GILDARDO DE JESUS USME MORALES,Mayo,0,..\..\..\RUT\GILDARDO DE JESUS USME MORALES.pdf,ANA
GILDARDO DE JESUS USME MORALES,Junio,0,..\..\..\RUT\GILDARDO DE JESUS USME MORALES.pdf,ANA
GILDARDO DE JESUS USME MORALES,Julio,0,..\..\..\RUT\GILDARDO DE JESUS USME MORALES.pdf,ANA
GILDARDO DE JESUS USME MORALES,Agosto,0,..\..\..\RUT\GILDARDO DE JESUS USME MORALES.pdf,ANA
GILDARDO DE JESUS USME MORALES,Septiembre,0,..\..\..\RUT\GILDARDO DE JESUS USME MORALES.pdf,ANA
GILDARDO DE JESUS USME MORALES,Octubre,0,..\..\..\RUT\GILDARDO DE JESUS USME MORALES.pdf,ANA
GILDARDO DE JESUS USME MORALES,Noviembre,0,..\..\..\RUT\GILDARDO DE JESUS USME MORALES.pdf,ANA
GILDARDO DE JESUS USME MORALES,Diciembre,0,..\..\..\RUT\GILDARDO DE JESUS USME MORALES.pdf,ANA
TOMATERA GAVIRIA URREA S.A.S./SERVICIO 360A SERVICIOS S.A,Enero,0,?,ANA
TOMATERA GAVIRIA URREA S.A.S./SERVICIO 360A SERVICIOS S.A,Febrero,0,?,ANA
TOMATERA GAVIRIA URREA S.A.S./SERVICIO 360A SERVICIOS S.A,Marzo,0,?,ANA
TOMATERA GAVIRIA URREA S.A.S./SERVICIO 360A SERVICIOS S.A,Abril,0,?,ANA
TOMATERA GAVIRIA URREA S.A.S./SERVICIO 360A SERVICIOS S.A,Mayo,0,?,ANA
TOMATERA GAVIRIA URREA S.A.S./SERVICIO 360A SERVICIOS S.A,Junio,0,?,ANA
TOMATERA GAVIRIA URREA S.A.S./SERVICIO 360A SERVICIOS S.A,Julio,0,?,ANA
TOMATERA GAVIRIA URREA S.A.S./SERVICIO 360A SERVICIOS S.A,Agosto,0,?,ANA
TOMATERA GAVIRIA URREA S.A.S./SERVICIO 360A SERVICIOS S.A,Septiembre,0,?,ANA
TOMATERA GAVIRIA URREA S.A.S./SERVICIO 360A SERVICIOS S.A,Octubre,0,?,ANA
TOMATERA GAVIRIA URREA S.A.S./SERVICIO 360A SERVICIOS S.A,Noviembre,0,?,ANA
TOMATERA GAVIRIA URREA S.A.S./SERVICIO 360A SERVICIOS S.A,Diciembre,0,?,ANA
JOSE DORANCE QUINTERO PARRA,Enero,0,\\SRV-CONTAB\Servidor de Archivos\2025 SERVIDOR\RUT\JOSE DORANCE QUINTERO PARRA.pdf,ANA
JOSE DORANCE QUINTERO PARRA,Febrero,0,\\SRV-CONTAB\Servidor de Archivos\2025 SERVIDOR\RUT\JOSE DORANCE QUINTERO PARRA.pdf,ANA
JOSE DORANCE QUINTERO PARRA,Marzo,0,\\SRV-CONTAB\Servidor de Archivos\2025 SERVIDOR\RUT\JOSE DORANCE QUINTERO PARRA.pdf,ANA
JOSE DORANCE QUINTERO PARRA,Abril,0,\\SRV-CONTAB\Servidor de Archivos\2025 SERVIDOR\RUT\JOSE DORANCE QUINTERO PARRA.pdf,ANA
JOSE DORANCE QUINTERO PARRA,Mayo,0,\\SRV-CONTAB\Servidor de Archivos\2025 SERVIDOR\RUT\JOSE DORANCE QUINTERO PARRA.pdf,ANA
JOSE DORANCE QUINTERO PARRA,Junio,0,\\SRV-CONTAB\Servidor de Archivos\2025 SERVIDOR\RUT\JOSE DORANCE QUINTERO PARRA.pdf,ANA
JOSE DORANCE QUINTERO PARRA,Julio,0,\\SRV-CONTAB\Servidor de Archivos\2025 SERVIDOR\RUT\JOSE DORANCE QUINTERO PARRA.pdf,ANA
JOSE DORANCE QUINTERO PARRA,Agosto,0,\\SRV-CONTAB\Servidor de Archivos\2025 SERVIDOR\RUT\JOSE DORANCE QUINTERO PARRA.pdf,ANA
JOSE DORANCE QUINTERO PARRA,Septiembre,0,\\SRV-CONTAB\Servidor de Archivos\2025 SERVIDOR\RUT\JOSE DORANCE QUINTERO PARRA.pdf,ANA
JOSE DORANCE QUINTERO PARRA,Octubre,0,\\SRV-CONTAB\Servidor de Archivos\2025 SERVIDOR\RUT\JOSE DORANCE QUINTERO PARRA.pdf,ANA
JOSE DORANCE QUINTERO PARRA,Noviembre,0,\\SRV-CONTAB\Servidor de Archivos\2025 SERVIDOR\RUT\JOSE DORANCE QUINTERO PARRA.pdf,ANA
JOSE DORANCE QUINTERO PARRA,Diciembre,0,\\SRV-CONTAB\Servidor de Archivos\2025 SERVIDOR\RUT\JOSE DORANCE QUINTERO PARRA.pdf,ANA
PROYECTOS Y PISOS ,Enero,0,..\..\..\RUT\PROYECTOS Y PISOS S.A.S.PDF,ANA
PROYECTOS Y PISOS ,Febrero,0,..\..\..\RUT\PROYECTOS Y PISOS S.A.S.PDF,ANA
PROYECTOS Y PISOS ,Marzo,0,..\..\..\RUT\PROYECTOS Y PISOS S.A.S.PDF,ANA
PROYECTOS Y PISOS ,Abril,0,..\..\..\RUT\PROYECTOS Y PISOS S.A.S.PDF,ANA
PROYECTOS Y PISOS ,Mayo,0,..\..\..\RUT\PROYECTOS Y PISOS S.A.S.PDF,ANA
PROYECTOS Y PISOS ,Junio,0,..\..\..\RUT\PROYECTOS Y PISOS S.A.S.PDF,ANA
PROYECTOS Y PISOS ,Julio,0,..\..\..\RUT\PROYECTOS Y PISOS S.A.S.PDF,ANA
PROYECTOS Y PISOS ,Agosto,0,..\..\..\RUT\PROYECTOS Y PISOS S.A.S.PDF,ANA
PROYECTOS Y PISOS ,Septiembre,0,..\..\..\RUT\PROYECTOS Y PISOS S.A.S.PDF,ANA
PROYECTOS Y PISOS ,Octubre,0,..\..\..\RUT\PROYECTOS Y PISOS S.A.S.PDF,ANA
PROYECTOS Y PISOS ,Noviembre,0,..\..\..\RUT\PROYECTOS Y PISOS S.A.S.PDF,ANA
PROYECTOS Y PISOS ,Diciembre,0,..\..\..\RUT\PROYECTOS Y PISOS S.A.S.PDF,ANA
SEGURIDAD Y SOLUCIONES JP S.A.S,Enero,0,..\..\..\RUT\SEGURIDAD Y SOLUCIONES JP SAS.pdf,ANA
SEGURIDAD Y SOLUCIONES JP S.A.S,Febrero,0,..\..\..\RUT\SEGURIDAD Y SOLUCIONES JP SAS.pdf,ANA
SEGURIDAD Y SOLUCIONES JP S.A.S,Marzo,0,..\..\..\RUT\SEGURIDAD Y SOLUCIONES JP SAS.pdf,ANA
SEGURIDAD Y SOLUCIONES JP S.A.S,Abril,0,..\..\..\RUT\SEGURIDAD Y SOLUCIONES JP SAS.pdf,ANA
SEGURIDAD Y SOLUCIONES JP S.A.S,Mayo,0,..\..\..\RUT\SEGURIDAD Y SOLUCIONES JP SAS.pdf,ANA
SEGURIDAD Y SOLUCIONES JP S.A.S,Junio,0,..\..\..\RUT\SEGURIDAD Y SOLUCIONES JP SAS.pdf,ANA
SEGURIDAD Y SOLUCIONES JP S.A.S,Julio,0,..\..\..\RUT\SEGURIDAD Y SOLUCIONES JP SAS.pdf,ANA
SEGURIDAD Y SOLUCIONES JP S.A.S,Agosto,0,..\..\..\RUT\SEGURIDAD Y SOLUCIONES JP SAS.pdf,ANA
SEGURIDAD Y SOLUCIONES JP S.A.S,Septiembre,0,..\..\..\RUT\SEGURIDAD Y SOLUCIONES JP SAS.pdf,ANA
SEGURIDAD Y SOLUCIONES JP S.A.S,Octubre,0,..\..\..\RUT\SEGURIDAD Y SOLUCIONES JP SAS.pdf,ANA
SEGURIDAD Y SOLUCIONES JP S.A.S,Noviembre,0,..\..\..\RUT\SEGURIDAD Y SOLUCIONES JP SAS.pdf,ANA
SEGURIDAD Y SOLUCIONES JP S.A.S,Diciembre,0,..\..\..\RUT\SEGURIDAD Y SOLUCIONES JP SAS.pdf,ANA
FAVER ANDRES GONZALEZ RIOS,Enero,0,..\..\..\RUT\FAVER ANDRES GONZALEZ RIOS-RUT ACTUALIZADO.pdf,ANA
FAVER ANDRES GONZALEZ RIOS,Febrero,0,..\..\..\RUT\FAVER ANDRES GONZALEZ RIOS-RUT ACTUALIZADO.pdf,ANA
FAVER ANDRES GONZALEZ RIOS,Marzo,0,..\..\..\RUT\FAVER ANDRES GONZALEZ RIOS-RUT ACTUALIZADO.pdf,ANA
FAVER ANDRES GONZALEZ RIOS,Abril,0,..\..\..\RUT\FAVER ANDRES GONZALEZ RIOS-RUT ACTUALIZADO.pdf,ANA
FAVER ANDRES GONZALEZ RIOS,Mayo,0,..\..\..\RUT\FAVER ANDRES GONZALEZ RIOS-RUT ACTUALIZADO.pdf,ANA
FAVER ANDRES GONZALEZ RIOS,Junio,0,..\..\..\RUT\FAVER ANDRES GONZALEZ RIOS-RUT ACTUALIZADO.pdf,ANA
FAVER ANDRES GONZALEZ RIOS,Julio,0,..\..\..\RUT\FAVER ANDRES GONZALEZ RIOS-RUT ACTUALIZADO.pdf,ANA
FAVER ANDRES GONZALEZ RIOS,Agosto,0,..\..\..\RUT\FAVER ANDRES GONZALEZ RIOS-RUT ACTUALIZADO.pdf,ANA
FAVER ANDRES GONZALEZ RIOS,Septiembre,0,..\..\..\RUT\FAVER ANDRES GONZALEZ RIOS-RUT ACTUALIZADO.pdf,ANA
FAVER ANDRES GONZALEZ RIOS,Octubre,0,..\..\..\RUT\FAVER ANDRES GONZALEZ RIOS-RUT ACTUALIZADO.pdf,ANA
FAVER ANDRES GONZALEZ RIOS,Noviembre,0,..\..\..\RUT\FAVER ANDRES GONZALEZ RIOS-RUT ACTUALIZADO.pdf,ANA
FAVER ANDRES GONZALEZ RIOS,Diciembre,0,..\..\..\RUT\FAVER ANDRES GONZALEZ RIOS-RUT ACTUALIZADO.pdf,ANA
DANILO ANTONIO MEJIA GIRALDO,Enero,0,..\..\..\RUT\DANILO ANTONIO MEJIA GIRALDO.pdf,ANA
DANILO ANTONIO MEJIA GIRALDO,Febrero,0,..\..\..\RUT\DANILO ANTONIO MEJIA GIRALDO.pdf,ANA
DANILO ANTONIO MEJIA GIRALDO,Marzo,0,..\..\..\RUT\DANILO ANTONIO MEJIA GIRALDO.pdf,ANA
DANILO ANTONIO MEJIA GIRALDO,Abril,0,..\..\..\RUT\DANILO ANTONIO MEJIA GIRALDO.pdf,ANA
DANILO ANTONIO MEJIA GIRALDO,Mayo,0,..\..\..\RUT\DANILO ANTONIO MEJIA GIRALDO.pdf,ANA
DANILO ANTONIO MEJIA GIRALDO,Junio,0,..\..\..\RUT\DANILO ANTONIO MEJIA GIRALDO.pdf,ANA
DANILO ANTONIO MEJIA GIRALDO,Julio,0,..\..\..\RUT\DANILO ANTONIO MEJIA GIRALDO.pdf,ANA
DANILO ANTONIO MEJIA GIRALDO,Agosto,0,..\..\..\RUT\DANILO ANTONIO MEJIA GIRALDO.pdf,ANA
DANILO ANTONIO MEJIA GIRALDO,Septiembre,0,..\..\..\RUT\DANILO ANTONIO MEJIA GIRALDO.pdf,ANA
DANILO ANTONIO MEJIA GIRALDO,Octubre,0,..\..\..\RUT\DANILO ANTONIO MEJIA GIRALDO.pdf,ANA
DANILO ANTONIO MEJIA GIRALDO,Noviembre,0,..\..\..\RUT\DANILO ANTONIO MEJIA GIRALDO.pdf,ANA
DANILO ANTONIO MEJIA GIRALDO,Diciembre,0,..\..\..\RUT\DANILO ANTONIO MEJIA GIRALDO.pdf,ANA
JUAN JOSE URREA PARRA,Enero,0,..\..\..\RUT\JUAN JOSE URREA PARRA.pdf,ANA
JUAN JOSE URREA PARRA,Febrero,0,..\..\..\RUT\JUAN JOSE URREA PARRA.pdf,ANA
JUAN JOSE URREA PARRA,Marzo,0,..\..\..\RUT\JUAN JOSE URREA PARRA.pdf,ANA
JUAN JOSE URREA PARRA,Abril,0,..\..\..\RUT\JUAN JOSE URREA PARRA.pdf,ANA
JUAN JOSE URREA PARRA,Mayo,0,..\..\..\RUT\JUAN JOSE URREA PARRA.pdf,ANA
JUAN JOSE URREA PARRA,Junio,0,..\..\..\RUT\JUAN JOSE URREA PARRA.pdf,ANA
JUAN JOSE URREA PARRA,Julio,0,..\..\..\RUT\JUAN JOSE URREA PARRA.pdf,ANA
JUAN JOSE URREA PARRA,Agosto,0,..\..\..\RUT\JUAN JOSE URREA PARRA.pdf,ANA
JUAN JOSE URREA PARRA,Septiembre,0,..\..\..\RUT\JUAN JOSE URREA PARRA.pdf,ANA
JUAN JOSE URREA PARRA,Octubre,0,..\..\..\RUT\JUAN JOSE URREA PARRA.pdf,ANA
JUAN JOSE URREA PARRA,Noviembre,0,..\..\..\RUT\JUAN JOSE URREA PARRA.pdf,ANA
JUAN JOSE URREA PARRA,Diciembre,0,..\..\..\RUT\JUAN JOSE URREA PARRA.pdf,ANA
LINA CONSTANZA PACHON LOPEZ,Enero,0,..\..\..\RUT\LINA CONSTANZA PACHON LOPEZ .pdf,ANA
LINA CONSTANZA PACHON LOPEZ,Febrero,0,..\..\..\RUT\LINA CONSTANZA PACHON LOPEZ .pdf,ANA
LINA CONSTANZA PACHON LOPEZ,Marzo,0,..\..\..\RUT\LINA CONSTANZA PACHON LOPEZ .pdf,ANA
LINA CONSTANZA PACHON LOPEZ,Abril,0,..\..\..\RUT\LINA CONSTANZA PACHON LOPEZ .pdf,ANA
LINA CONSTANZA PACHON LOPEZ,Mayo,0,..\..\..\RUT\LINA CONSTANZA PACHON LOPEZ .pdf,ANA
LINA CONSTANZA PACHON LOPEZ,Junio,0,..\..\..\RUT\LINA CONSTANZA PACHON LOPEZ .pdf,ANA
LINA CONSTANZA PACHON LOPEZ,Julio,0,..\..\..\RUT\LINA CONSTANZA PACHON LOPEZ .pdf,ANA
LINA CONSTANZA PACHON LOPEZ,Agosto,0,..\..\..\RUT\LINA CONSTANZA PACHON LOPEZ .pdf,ANA
LINA CONSTANZA PACHON LOPEZ,Septiembre,0,..\..\..\RUT\LINA CONSTANZA PACHON LOPEZ .pdf,ANA
LINA CONSTANZA PACHON LOPEZ,Octubre,0,..\..\..\RUT\LINA CONSTANZA PACHON LOPEZ .pdf,ANA
LINA CONSTANZA PACHON LOPEZ,Noviembre,0,..\..\..\RUT\LINA CONSTANZA PACHON LOPEZ .pdf,ANA
LINA CONSTANZA PACHON LOPEZ,Diciembre,0,..\..\..\RUT\LINA CONSTANZA PACHON LOPEZ .pdf,ANA
ZION ESTAMPADOS Y BORDADOS S.A.S. (RST),Enero,0,..\..\..\RUT\ZION ESTAMPADOS Y BORDADOS SAS.pdf,ANA
ZION ESTAMPADOS Y BORDADOS S.A.S. (RST),Febrero,0,..\..\..\RUT\ZION ESTAMPADOS Y BORDADOS SAS.pdf,ANA
ZION ESTAMPADOS Y BORDADOS S.A.S. (RST),Marzo,0,..\..\..\RUT\ZION ESTAMPADOS Y BORDADOS SAS.pdf,ANA
ZION ESTAMPADOS Y BORDADOS S.A.S. (RST),Abril,0,..\..\..\RUT\ZION ESTAMPADOS Y BORDADOS SAS.pdf,ANA
ZION ESTAMPADOS Y BORDADOS S.A.S. (RST),Mayo,0,..\..\..\RUT\ZION ESTAMPADOS Y BORDADOS SAS.pdf,ANA
ZION ESTAMPADOS Y BORDADOS S.A.S. (RST),Junio,0,..\..\..\RUT\ZION ESTAMPADOS Y BORDADOS SAS.pdf,ANA
ZION ESTAMPADOS Y BORDADOS S.A.S. (RST),Julio,0,..\..\..\RUT\ZION ESTAMPADOS Y BORDADOS SAS.pdf,ANA
ZION ESTAMPADOS Y BORDADOS S.A.S. (RST),Agosto,0,..\..\..\RUT\ZION ESTAMPADOS Y BORDADOS SAS.pdf,ANA
ZION ESTAMPADOS Y BORDADOS S.A.S. (RST),Septiembre,0,..\..\..\RUT\ZION ESTAMPADOS Y BORDADOS SAS.pdf,ANA
ZION ESTAMPADOS Y BORDADOS S.A.S. (RST),Octubre,0,..\..\..\RUT\ZION ESTAMPADOS Y BORDADOS SAS.pdf,ANA
ZION ESTAMPADOS Y BORDADOS S.A.S. (RST),Noviembre,0,..\..\..\RUT\ZION ESTAMPADOS Y BORDADOS SAS.pdf,ANA
ZION ESTAMPADOS Y BORDADOS S.A.S. (RST),Diciembre,0,..\..\..\RUT\ZION ESTAMPADOS Y BORDADOS SAS.pdf,ANA
INVERSIONES CASA BLANCA STUDIO S.A.S. (RST),Enero,0,..\..\..\RUT\INVERSIONES CASA BLANCA STUDIO S.A.S.PDF,ANA
INVERSIONES CASA BLANCA STUDIO S.A.S. (RST),Febrero,0,..\..\..\RUT\INVERSIONES CASA BLANCA STUDIO S.A.S.PDF,ANA
INVERSIONES CASA BLANCA STUDIO S.A.S. (RST),Marzo,0,..\..\..\RUT\INVERSIONES CASA BLANCA STUDIO S.A.S.PDF,ANA
INVERSIONES CASA BLANCA STUDIO S.A.S. (RST),Abril,0,..\..\..\RUT\INVERSIONES CASA BLANCA STUDIO S.A.S.PDF,ANA
INVERSIONES CASA BLANCA STUDIO S.A.S. (RST),Mayo,0,..\..\..\RUT\INVERSIONES CASA BLANCA STUDIO S.A.S.PDF,ANA
INVERSIONES CASA BLANCA STUDIO S.A.S. (RST),Junio,0,..\..\..\RUT\INVERSIONES CASA BLANCA STUDIO S.A.S.PDF,ANA
INVERSIONES CASA BLANCA STUDIO S.A.S. (RST),Julio,0,..\..\..\RUT\INVERSIONES CASA BLANCA STUDIO S.A.S.PDF,ANA
INVERSIONES CASA BLANCA STUDIO S.A.S. (RST),Agosto,0,..\..\..\RUT\INVERSIONES CASA BLANCA STUDIO S.A.S.PDF,ANA
INVERSIONES CASA BLANCA STUDIO S.A.S. (RST),Septiembre,0,..\..\..\RUT\INVERSIONES CASA BLANCA STUDIO S.A.S.PDF,ANA
INVERSIONES CASA BLANCA STUDIO S.A.S. (RST),Octubre,0,..\..\..\RUT\INVERSIONES CASA BLANCA STUDIO S.A.S.PDF,ANA
INVERSIONES CASA BLANCA STUDIO S.A.S. (RST),Noviembre,0,..\..\..\RUT\INVERSIONES CASA BLANCA STUDIO S.A.S.PDF,ANA
INVERSIONES CASA BLANCA STUDIO S.A.S. (RST),Diciembre,0,..\..\..\RUT\INVERSIONES CASA BLANCA STUDIO S.A.S.PDF,ANA
CREACIONES PERDOMO S.A.S. (RST),Enero,0,..\..\..\RUT\CREACIONES PERDOMO SAS.pdf,ANA
CREACIONES PERDOMO S.A.S. (RST),Febrero,0,..\..\..\RUT\CREACIONES PERDOMO SAS.pdf,ANA
CREACIONES PERDOMO S.A.S. (RST),Marzo,0,..\..\..\RUT\CREACIONES PERDOMO SAS.pdf,ANA
CREACIONES PERDOMO S.A.S. (RST),Abril,0,..\..\..\RUT\CREACIONES PERDOMO SAS.pdf,ANA
CREACIONES PERDOMO S.A.S. (RST),Mayo,0,..\..\..\RUT\CREACIONES PERDOMO SAS.pdf,ANA
CREACIONES PERDOMO S.A.S. (RST),Junio,0,..\..\..\RUT\CREACIONES PERDOMO SAS.pdf,ANA
CREACIONES PERDOMO S.A.S. (RST),Julio,0,..\..\..\RUT\CREACIONES PERDOMO SAS.pdf,ANA
CREACIONES PERDOMO S.A.S. (RST),Agosto,0,..\..\..\RUT\CREACIONES PERDOMO SAS.pdf,ANA
CREACIONES PERDOMO S.A.S. (RST),Septiembre,0,..\..\..\RUT\CREACIONES PERDOMO SAS.pdf,ANA
CREACIONES PERDOMO S.A.S. (RST),Octubre,0,..\..\..\RUT\CREACIONES PERDOMO SAS.pdf,ANA
CREACIONES PERDOMO S.A.S. (RST),Noviembre,0,..\..\..\RUT\CREACIONES PERDOMO SAS.pdf,ANA
CREACIONES PERDOMO S.A.S. (RST),Diciembre,0,..\..\..\RUT\CREACIONES PERDOMO SAS.pdf,ANA
CONFECCIONES R Y Q S.A.S. (RST),Enero,0,..\..\..\RUT\CONFECCIONES R Y Q SAS.pdf,ANA
CONFECCIONES R Y Q S.A.S. (RST),Febrero,0,..\..\..\RUT\CONFECCIONES R Y Q SAS.pdf,ANA
CONFECCIONES R Y Q S.A.S. (RST),Marzo,0,..\..\..\RUT\CONFECCIONES R Y Q SAS.pdf,ANA
CONFECCIONES R Y Q S.A.S. (RST),Abril,0,..\..\..\RUT\CONFECCIONES R Y Q SAS.pdf,ANA
CONFECCIONES R Y Q S.A.S. (RST),Mayo,0,..\..\..\RUT\CONFECCIONES R Y Q SAS.pdf,ANA
CONFECCIONES R Y Q S.A.S. (RST),Junio,0,..\..\..\RUT\CONFECCIONES R Y Q SAS.pdf,ANA
CONFECCIONES R Y Q S.A.S. (RST),Julio,0,..\..\..\RUT\CONFECCIONES R Y Q SAS.pdf,ANA
CONFECCIONES R Y Q S.A.S. (RST),Agosto,0,..\..\..\RUT\CONFECCIONES R Y Q SAS.pdf,ANA
CONFECCIONES R Y Q S.A.S. (RST),Septiembre,0,..\..\..\RUT\CONFECCIONES R Y Q SAS.pdf,ANA
CONFECCIONES R Y Q S.A.S. (RST),Octubre,0,..\..\..\RUT\CONFECCIONES R Y Q SAS.pdf,ANA
CONFECCIONES R Y Q S.A.S. (RST),Noviembre,0,..\..\..\RUT\CONFECCIONES R Y Q SAS.pdf,ANA
CONFECCIONES R Y Q S.A.S. (RST),Diciembre,0,..\..\..\RUT\CONFECCIONES R Y Q SAS.pdf,ANA
DISTRIGONZALES DG SAS,Enero,0,..\..\..\RUT\DISTRIGONZALES DG SAS.pdf,ANA
DISTRIGONZALES DG SAS,Febrero,0,..\..\..\RUT\DISTRIGONZALES DG SAS.pdf,ANA
DISTRIGONZALES DG SAS,Marzo,0,..\..\..\RUT\DISTRIGONZALES DG SAS.pdf,ANA
DISTRIGONZALES DG SAS,Abril,0,..\..\..\RUT\DISTRIGONZALES DG SAS.pdf,ANA
DISTRIGONZALES DG SAS,Mayo,0,..\..\..\RUT\DISTRIGONZALES DG SAS.pdf,ANA
DISTRIGONZALES DG SAS,Junio,0,..\..\..\RUT\DISTRIGONZALES DG SAS.pdf,ANA
DISTRIGONZALES DG SAS,Julio,0,..\..\..\RUT\DISTRIGONZALES DG SAS.pdf,ANA
DISTRIGONZALES DG SAS,Agosto,0,..\..\..\RUT\DISTRIGONZALES DG SAS.pdf,ANA
DISTRIGONZALES DG SAS,Septiembre,0,..\..\..\RUT\DISTRIGONZALES DG SAS.pdf,ANA
DISTRIGONZALES DG SAS,Octubre,0,..\..\..\RUT\DISTRIGONZALES DG SAS.pdf,ANA
DISTRIGONZALES DG SAS,Noviembre,0,..\..\..\RUT\DISTRIGONZALES DG SAS.pdf,ANA
DISTRIGONZALES DG SAS,Diciembre,0,..\..\..\RUT\DISTRIGONZALES DG SAS.pdf,ANA
RAUL GIRALDO MEJIA,Enero,0,..\..\..\RUT\RAUL GIRALDO MEJIA.pdf,ANA
RAUL GIRALDO MEJIA,Febrero,0,..\..\..\RUT\RAUL GIRALDO MEJIA.pdf,ANA
RAUL GIRALDO MEJIA,Marzo,0,..\..\..\RUT\RAUL GIRALDO MEJIA.pdf,ANA
RAUL GIRALDO MEJIA,Abril,0,..\..\..\RUT\RAUL GIRALDO MEJIA.pdf,ANA
RAUL GIRALDO MEJIA,Mayo,0,..\..\..\RUT\RAUL GIRALDO MEJIA.pdf,ANA
RAUL GIRALDO MEJIA,Junio,0,..\..\..\RUT\RAUL GIRALDO MEJIA.pdf,ANA
RAUL GIRALDO MEJIA,Julio,0,..\..\..\RUT\RAUL GIRALDO MEJIA.pdf,ANA
RAUL GIRALDO MEJIA,Agosto,0,..\..\..\RUT\RAUL GIRALDO MEJIA.pdf,ANA
RAUL GIRALDO MEJIA,Septiembre,0,..\..\..\RUT\RAUL GIRALDO MEJIA.pdf,ANA
RAUL GIRALDO MEJIA,Octubre,0,..\..\..\RUT\RAUL GIRALDO MEJIA.pdf,ANA
RAUL GIRALDO MEJIA,Noviembre,0,..\..\..\RUT\RAUL GIRALDO MEJIA.pdf,ANA
RAUL GIRALDO MEJIA,Diciembre,0,..\..\..\RUT\RAUL GIRALDO MEJIA.pdf,ANA
FABIAN DE JESUS ALVAREZ ACEVEDO,Enero,0,..\..\..\RUT\FABIAN DE JESUS ALVAREZ ACEVEDO.pdf,ANA
FABIAN DE JESUS ALVAREZ ACEVEDO,Febrero,0,..\..\..\RUT\FABIAN DE JESUS ALVAREZ ACEVEDO.pdf,ANA
FABIAN DE JESUS ALVAREZ ACEVEDO,Marzo,0,..\..\..\RUT\FABIAN DE JESUS ALVAREZ ACEVEDO.pdf,ANA
FABIAN DE JESUS ALVAREZ ACEVEDO,Abril,0,..\..\..\RUT\FABIAN DE JESUS ALVAREZ ACEVEDO.pdf,ANA
FABIAN DE JESUS ALVAREZ ACEVEDO,Mayo,0,..\..\..\RUT\FABIAN DE JESUS ALVAREZ ACEVEDO.pdf,ANA
FABIAN DE JESUS ALVAREZ ACEVEDO,Junio,0,..\..\..\RUT\FABIAN DE JESUS ALVAREZ ACEVEDO.pdf,ANA
FABIAN DE JESUS ALVAREZ ACEVEDO,Julio,0,..\..\..\RUT\FABIAN DE JESUS ALVAREZ ACEVEDO.pdf,ANA
FABIAN DE JESUS ALVAREZ ACEVEDO,Agosto,0,..\..\..\RUT\FABIAN DE JESUS ALVAREZ ACEVEDO.pdf,ANA
FABIAN DE JESUS ALVAREZ ACEVEDO,Septiembre,0,..\..\..\RUT\FABIAN DE JESUS ALVAREZ ACEVEDO.pdf,ANA
FABIAN DE JESUS ALVAREZ ACEVEDO,Octubre,0,..\..\..\RUT\FABIAN DE JESUS ALVAREZ ACEVEDO.pdf,ANA
FABIAN DE JESUS ALVAREZ ACEVEDO,Noviembre,0,..\..\..\RUT\FABIAN DE JESUS ALVAREZ ACEVEDO.pdf,ANA
FABIAN DE JESUS ALVAREZ ACEVEDO,Diciembre,0,..\..\..\RUT\FABIAN DE JESUS ALVAREZ ACEVEDO.pdf,ANA
MAX MER S.A.S.,Enero,0,..\..\..\RUT\MAX MER S.A.S..pdf,ANA
MAX MER S.A.S.,Febrero,0,..\..\..\RUT\MAX MER S.A.S..pdf,ANA
MAX MER S.A.S.,Marzo,0,..\..\..\RUT\MAX MER S.A.S..pdf,ANA
MAX MER S.A.S.,Abril,0,..\..\..\RUT\MAX MER S.A.S..pdf,ANA
MAX MER S.A.S.,Mayo,0,..\..\..\RUT\MAX MER S.A.S..pdf,ANA
MAX MER S.A.S.,Junio,0,..\..\..\RUT\MAX MER S.A.S..pdf,ANA
MAX MER S.A.S.,Julio,0,..\..\..\RUT\MAX MER S.A.S..pdf,ANA
MAX MER S.A.S.,Agosto,0,..\..\..\RUT\MAX MER S.A.S..pdf,ANA
MAX MER S.A.S.,Septiembre,0,..\..\..\RUT\MAX MER S.A.S..pdf,ANA
MAX MER S.A.S.,Octubre,0,..\..\..\RUT\MAX MER S.A.S..pdf,ANA
MAX MER S.A.S.,Noviembre,0,..\..\..\RUT\MAX MER S.A.S..pdf,ANA
MAX MER S.A.S.,Diciembre,0,..\..\..\RUT\MAX MER S.A.S..pdf,ANA
DESKLAN S.A.S (RST),Enero,0,..\..\..\RUT\DESKLAN SAS.pdf,ANA
DESKLAN S.A.S (RST),Febrero,0,..\..\..\RUT\DESKLAN SAS.pdf,ANA
DESKLAN S.A.S (RST),Marzo,0,..\..\..\RUT\DESKLAN SAS.pdf,ANA
DESKLAN S.A.S (RST),Abril,0,..\..\..\RUT\DESKLAN SAS.pdf,ANA
DESKLAN S.A.S (RST),Mayo,0,..\..\..\RUT\DESKLAN SAS.pdf,ANA
DESKLAN S.A.S (RST),Junio,0,..\..\..\RUT\DESKLAN SAS.pdf,ANA
DESKLAN S.A.S (RST),Julio,0,..\..\..\RUT\DESKLAN SAS.pdf,ANA
DESKLAN S.A.S (RST),Agosto,0,..\..\..\RUT\DESKLAN SAS.pdf,ANA
DESKLAN S.A.S (RST),Septiembre,0,..\..\..\RUT\DESKLAN SAS.pdf,ANA
DESKLAN S.A.S (RST),Octubre,0,..\..\..\RUT\DESKLAN SAS.pdf,ANA
DESKLAN S.A.S (RST),Noviembre,0,..\..\..\RUT\DESKLAN SAS.pdf,ANA
DESKLAN S.A.S (RST),Diciembre,0,..\..\..\RUT\DESKLAN SAS.pdf,ANA
WILSON ANDRES BEDOYA QUINTERO,Enero,0,..\..\..\RUT\WILSON ANDRES BEDOYA QUINTERO.pdf,ANA
WILSON ANDRES BEDOYA QUINTERO,Febrero,0,..\..\..\RUT\WILSON ANDRES BEDOYA QUINTERO.pdf,ANA
WILSON ANDRES BEDOYA QUINTERO,Marzo,0,..\..\..\RUT\WILSON ANDRES BEDOYA QUINTERO.pdf,ANA
WILSON ANDRES BEDOYA QUINTERO,Abril,0,..\..\..\RUT\WILSON ANDRES BEDOYA QUINTERO.pdf,ANA
WILSON ANDRES BEDOYA QUINTERO,Mayo,0,..\..\..\RUT\WILSON ANDRES BEDOYA QUINTERO.pdf,ANA
WILSON ANDRES BEDOYA QUINTERO,Junio,0,..\..\..\RUT\WILSON ANDRES BEDOYA QUINTERO.pdf,ANA
WILSON ANDRES BEDOYA QUINTERO,Julio,0,..\..\..\RUT\WILSON ANDRES BEDOYA QUINTERO.pdf,ANA
WILSON ANDRES BEDOYA QUINTERO,Agosto,0,..\..\..\RUT\WILSON ANDRES BEDOYA QUINTERO.pdf,ANA
WILSON ANDRES BEDOYA QUINTERO,Septiembre,0,..\..\..\RUT\WILSON ANDRES BEDOYA QUINTERO.pdf,ANA
WILSON ANDRES BEDOYA QUINTERO,Octubre,0,..\..\..\RUT\WILSON ANDRES BEDOYA QUINTERO.pdf,ANA
WILSON ANDRES BEDOYA QUINTERO,Noviembre,0,..\..\..\RUT\WILSON ANDRES BEDOYA QUINTERO.pdf,ANA
WILSON ANDRES BEDOYA QUINTERO,Diciembre,0,..\..\..\RUT\WILSON ANDRES BEDOYA QUINTERO.pdf,ANA
ADRIAN ESTEBAN VELASQUEZ ARANGO (RST),Enero,0,..\..\..\RUT\ADRIAN ESTEBAN VELASQUEZ ARANGO.pdf,ANA
ADRIAN ESTEBAN VELASQUEZ ARANGO (RST),Febrero,0,..\..\..\RUT\ADRIAN ESTEBAN VELASQUEZ ARANGO.pdf,ANA
ADRIAN ESTEBAN VELASQUEZ ARANGO (RST),Marzo,0,..\..\..\RUT\ADRIAN ESTEBAN VELASQUEZ ARANGO.pdf,ANA
ADRIAN ESTEBAN VELASQUEZ ARANGO (RST),Abril,0,..\..\..\RUT\ADRIAN ESTEBAN VELASQUEZ ARANGO.pdf,ANA
ADRIAN ESTEBAN VELASQUEZ ARANGO (RST),Mayo,0,..\..\..\RUT\ADRIAN ESTEBAN VELASQUEZ ARANGO.pdf,ANA
ADRIAN ESTEBAN VELASQUEZ ARANGO (RST),Junio,0,..\..\..\RUT\ADRIAN ESTEBAN VELASQUEZ ARANGO.pdf,ANA
ADRIAN ESTEBAN VELASQUEZ ARANGO (RST),Julio,0,..\..\..\RUT\ADRIAN ESTEBAN VELASQUEZ ARANGO.pdf,ANA
ADRIAN ESTEBAN VELASQUEZ ARANGO (RST),Agosto,0,..\..\..\RUT\ADRIAN ESTEBAN VELASQUEZ ARANGO.pdf,ANA
ADRIAN ESTEBAN VELASQUEZ ARANGO (RST),Septiembre,0,..\..\..\RUT\ADRIAN ESTEBAN VELASQUEZ ARANGO.pdf,ANA
ADRIAN ESTEBAN VELASQUEZ ARANGO (RST),Octubre,0,..\..\..\RUT\ADRIAN ESTEBAN VELASQUEZ ARANGO.pdf,ANA
ADRIAN ESTEBAN VELASQUEZ ARANGO (RST),Noviembre,0,..\..\..\RUT\ADRIAN ESTEBAN VELASQUEZ ARANGO.pdf,ANA
ADRIAN ESTEBAN VELASQUEZ ARANGO (RST),Diciembre,0,..\..\..\RUT\ADRIAN ESTEBAN VELASQUEZ ARANGO.pdf,ANA
CAROLINA MONTOYA CANO,Enero,0,..\..\..\RUT\CAROLINA MONTOYA CANO.pdf,ANA
CAROLINA MONTOYA CANO,Febrero,0,..\..\..\RUT\CAROLINA MONTOYA CANO.pdf,ANA
CAROLINA MONTOYA CANO,Marzo,0,..\..\..\RUT\CAROLINA MONTOYA CANO.pdf,ANA
CAROLINA MONTOYA CANO,Abril,0,..\..\..\RUT\CAROLINA MONTOYA CANO.pdf,ANA
CAROLINA MONTOYA CANO,Mayo,0,..\..\..\RUT\CAROLINA MONTOYA CANO.pdf,ANA
CAROLINA MONTOYA CANO,Junio,0,..\..\..\RUT\CAROLINA MONTOYA CANO.pdf,ANA
CAROLINA MONTOYA CANO,Julio,0,..\..\..\RUT\CAROLINA MONTOYA CANO.pdf,ANA
CAROLINA MONTOYA CANO,Agosto,0,..\..\..\RUT\CAROLINA MONTOYA CANO.pdf,ANA
CAROLINA MONTOYA CANO,Septiembre,0,..\..\..\RUT\CAROLINA MONTOYA CANO.pdf,ANA
CAROLINA MONTOYA CANO,Octubre,0,..\..\..\RUT\CAROLINA MONTOYA CANO.pdf,ANA
CAROLINA MONTOYA CANO,Noviembre,0,..\..\..\RUT\CAROLINA MONTOYA CANO.pdf,ANA
CAROLINA MONTOYA CANO,Diciembre,0,..\..\..\RUT\CAROLINA MONTOYA CANO.pdf,ANA
PROVETEXCO S.A.S,Enero,900823072,\\SRV-CONTAB\Servidor de Archivos\2025 SERVIDOR\RUT\PROVETEXCO S.A.S.pdf,JHOAN
PROVETEXCO S.A.S,Febrero,900823072,\\SRV-CONTAB\Servidor de Archivos\2025 SERVIDOR\RUT\PROVETEXCO S.A.S.pdf,JHOAN
PROVETEXCO S.A.S,Marzo,900823072,\\SRV-CONTAB\Servidor de Archivos\2025 SERVIDOR\RUT\PROVETEXCO S.A.S.pdf,JHOAN
PROVETEXCO S.A.S,Abril,900823072,\\SRV-CONTAB\Servidor de Archivos\2025 SERVIDOR\RUT\PROVETEXCO S.A.S.pdf,JHOAN
PROVETEXCO S.A.S,Mayo,900823072,\\SRV-CONTAB\Servidor de Archivos\2025 SERVIDOR\RUT\PROVETEXCO S.A.S.pdf,JHOAN
PROVETEXCO S.A.S,Junio,900823072,\\SRV-CONTAB\Servidor de Archivos\2025 SERVIDOR\RUT\PROVETEXCO S.A.S.pdf,JHOAN
PROVETEXCO S.A.S,Julio,900823072,\\SRV-CONTAB\Servidor de Archivos\2025 SERVIDOR\RUT\PROVETEXCO S.A.S.pdf,JHOAN
PROVETEXCO S.A.S,Agosto,900823072,\\SRV-CONTAB\Servidor de Archivos\2025 SERVIDOR\RUT\PROVETEXCO S.A.S.pdf,JHOAN
PROVETEXCO S.A.S,Septiembre,900823072,\\SRV-CONTAB\Servidor de Archivos\2025 SERVIDOR\RUT\PROVETEXCO S.A.S.pdf,JHOAN
PROVETEXCO S.A.S,Octubre,900823072,\\SRV-CONTAB\Servidor de Archivos\2025 SERVIDOR\RUT\PROVETEXCO S.A.S.pdf,JHOAN
PROVETEXCO S.A.S,Noviembre,900823072,\\SRV-CONTAB\Servidor de Archivos\2025 SERVIDOR\RUT\PROVETEXCO S.A.S.pdf,JHOAN
PROVETEXCO S.A.S,Diciembre,900823072,\\SRV-CONTAB\Servidor de Archivos\2025 SERVIDOR\RUT\PROVETEXCO S.A.S.pdf,JHOAN
JUAN DIEGO GOMEZ PINEDA,Enero,71789572,\\SRV-CONTAB\Servidor de Archivos\2025 SERVIDOR\RUT\JUAN DIEGO GOMEZ PINEDA.pdf,JHOAN
JUAN DIEGO GOMEZ PINEDA,Febrero,71789572,\\SRV-CONTAB\Servidor de Archivos\2025 SERVIDOR\RUT\JUAN DIEGO GOMEZ PINEDA.pdf,JHOAN
JUAN DIEGO GOMEZ PINEDA,Marzo,71789572,\\SRV-CONTAB\Servidor de Archivos\2025 SERVIDOR\RUT\JUAN DIEGO GOMEZ PINEDA.pdf,JHOAN
JUAN DIEGO GOMEZ PINEDA,Abril,71789572,\\SRV-CONTAB\Servidor de Archivos\2025 SERVIDOR\RUT\JUAN DIEGO GOMEZ PINEDA.pdf,JHOAN
JUAN DIEGO GOMEZ PINEDA,Mayo,71789572,\\SRV-CONTAB\Servidor de Archivos\2025 SERVIDOR\RUT\JUAN DIEGO GOMEZ PINEDA.pdf,JHOAN
JUAN DIEGO GOMEZ PINEDA,Junio,71789572,\\SRV-CONTAB\Servidor de Archivos\2025 SERVIDOR\RUT\JUAN DIEGO GOMEZ PINEDA.pdf,JHOAN
JUAN DIEGO GOMEZ PINEDA,Julio,71789572,\\SRV-CONTAB\Servidor de Archivos\2025 SERVIDOR\RUT\JUAN DIEGO GOMEZ PINEDA.pdf,JHOAN
JUAN DIEGO GOMEZ PINEDA,Agosto,71789572,\\SRV-CONTAB\Servidor de Archivos\2025 SERVIDOR\RUT\JUAN DIEGO GOMEZ PINEDA.pdf,JHOAN
JUAN DIEGO GOMEZ PINEDA,Septiembre,71789572,\\SRV-CONTAB\Servidor de Archivos\2025 SERVIDOR\RUT\JUAN DIEGO GOMEZ PINEDA.pdf,JHOAN
JUAN DIEGO GOMEZ PINEDA,Octubre,71789572,\\SRV-CONTAB\Servidor de Archivos\2025 SERVIDOR\RUT\JUAN DIEGO GOMEZ PINEDA.pdf,JHOAN
JUAN DIEGO GOMEZ PINEDA,Noviembre,71789572,\\SRV-CONTAB\Servidor de Archivos\2025 SERVIDOR\RUT\JUAN DIEGO GOMEZ PINEDA.pdf,JHOAN
JUAN DIEGO GOMEZ PINEDA,Diciembre,71789572,\\SRV-CONTAB\Servidor de Archivos\2025 SERVIDOR\RUT\JUAN DIEGO GOMEZ PINEDA.pdf,JHOAN
YEISON ALEJANDRO ECEHEVERRI SALAZAR,Enero,1045021462,\\SRV-CONTAB\Servidor de Archivos\2025 SERVIDOR\RUT\YEISON ALEJANDRO ECHEVERRY SALAZAR.pdf,JHOAN
YEISON ALEJANDRO ECEHEVERRI SALAZAR,Febrero,1045021462,\\SRV-CONTAB\Servidor de Archivos\2025 SERVIDOR\RUT\YEISON ALEJANDRO ECHEVERRY SALAZAR.pdf,JHOAN
YEISON ALEJANDRO ECEHEVERRI SALAZAR,Marzo,1045021462,\\SRV-CONTAB\Servidor de Archivos\2025 SERVIDOR\RUT\YEISON ALEJANDRO ECHEVERRY SALAZAR.pdf,JHOAN
YEISON ALEJANDRO ECEHEVERRI SALAZAR,Abril,1045021462,\\SRV-CONTAB\Servidor de Archivos\2025 SERVIDOR\RUT\YEISON ALEJANDRO ECHEVERRY SALAZAR.pdf,JHOAN
YEISON ALEJANDRO ECEHEVERRI SALAZAR,Mayo,1045021462,\\SRV-CONTAB\Servidor de Archivos\2025 SERVIDOR\RUT\YEISON ALEJANDRO ECHEVERRY SALAZAR.pdf,JHOAN
YEISON ALEJANDRO ECEHEVERRI SALAZAR,Junio,1045021462,\\SRV-CONTAB\Servidor de Archivos\2025 SERVIDOR\RUT\YEISON ALEJANDRO ECHEVERRY SALAZAR.pdf,JHOAN
YEISON ALEJANDRO ECEHEVERRI SALAZAR,Julio,1045021462,\\SRV-CONTAB\Servidor de Archivos\2025 SERVIDOR\RUT\YEISON ALEJANDRO ECHEVERRY SALAZAR.pdf,JHOAN
YEISON ALEJANDRO ECEHEVERRI SALAZAR,Agosto,1045021462,\\SRV-CONTAB\Servidor de Archivos\2025 SERVIDOR\RUT\YEISON ALEJANDRO ECHEVERRY SALAZAR.pdf,JHOAN
YEISON ALEJANDRO ECEHEVERRI SALAZAR,Septiembre,1045021462,\\SRV-CONTAB\Servidor de Archivos\2025 SERVIDOR\RUT\YEISON ALEJANDRO ECHEVERRY SALAZAR.pdf,JHOAN
YEISON ALEJANDRO ECEHEVERRI SALAZAR,Octubre,1045021462,\\SRV-CONTAB\Servidor de Archivos\2025 SERVIDOR\RUT\YEISON ALEJANDRO ECHEVERRY SALAZAR.pdf,JHOAN
YEISON ALEJANDRO ECEHEVERRI SALAZAR,Noviembre,1045021462,\\SRV-CONTAB\Servidor de Archivos\2025 SERVIDOR\RUT\YEISON ALEJANDRO ECHEVERRY SALAZAR.pdf,JHOAN
YEISON ALEJANDRO ECEHEVERRI SALAZAR,Diciembre,1045021462,\\SRV-CONTAB\Servidor de Archivos\2025 SERVIDOR\RUT\YEISON ALEJANDRO ECHEVERRY SALAZAR.pdf,JHOAN
CONFECCIONES FAMARI S.A.S (RST),Enero,900930392,\\SRV-CONTAB\Servidor de Archivos\2025 SERVIDOR\RUT\CONFECCIONES FAMARI S.A.S..pdf,JHOAN
CONFECCIONES FAMARI S.A.S (RST),Febrero,900930392,\\SRV-CONTAB\Servidor de Archivos\2025 SERVIDOR\RUT\CONFECCIONES FAMARI S.A.S..pdf,JHOAN
CONFECCIONES FAMARI S.A.S (RST),Marzo,900930392,\\SRV-CONTAB\Servidor de Archivos\2025 SERVIDOR\RUT\CONFECCIONES FAMARI S.A.S..pdf,JHOAN
CONFECCIONES FAMARI S.A.S (RST),Abril,900930392,\\SRV-CONTAB\Servidor de Archivos\2025 SERVIDOR\RUT\CONFECCIONES FAMARI S.A.S..pdf,JHOAN
CONFECCIONES FAMARI S.A.S (RST),Mayo,900930392,\\SRV-CONTAB\Servidor de Archivos\2025 SERVIDOR\RUT\CONFECCIONES FAMARI S.A.S..pdf,JHOAN
CONFECCIONES FAMARI S.A.S (RST),Junio,900930392,\\SRV-CONTAB\Servidor de Archivos\2025 SERVIDOR\RUT\CONFECCIONES FAMARI S.A.S..pdf,JHOAN
CONFECCIONES FAMARI S.A.S (RST),Julio,900930392,\\SRV-CONTAB\Servidor de Archivos\2025 SERVIDOR\RUT\CONFECCIONES FAMARI S.A.S..pdf,JHOAN
CONFECCIONES FAMARI S.A.S (RST),Agosto,900930392,\\SRV-CONTAB\Servidor de Archivos\2025 SERVIDOR\RUT\CONFECCIONES FAMARI S.A.S..pdf,JHOAN
CONFECCIONES FAMARI S.A.S (RST),Septiembre,900930392,\\SRV-CONTAB\Servidor de Archivos\2025 SERVIDOR\RUT\CONFECCIONES FAMARI S.A.S..pdf,JHOAN
CONFECCIONES FAMARI S.A.S (RST),Octubre,900930392,\\SRV-CONTAB\Servidor de Archivos\2025 SERVIDOR\RUT\CONFECCIONES FAMARI S.A.S..pdf,JHOAN
CONFECCIONES FAMARI S.A.S (RST),Noviembre,900930392,\\SRV-CONTAB\Servidor de Archivos\2025 SERVIDOR\RUT\CONFECCIONES FAMARI S.A.S..pdf,JHOAN
CONFECCIONES FAMARI S.A.S (RST),Diciembre,900930392,\\SRV-CONTAB\Servidor de Archivos\2025 SERVIDOR\RUT\CONFECCIONES FAMARI S.A.S..pdf,JHOAN
MARIBEL CRISTINA GIRALDO DUQUE ,Enero,43221544,\\SRV-CONTAB\Servidor de Archivos\2025 SERVIDOR\RUT\MARIBEL CRISTINA GIRALDO DUQUE-.pdf,JHOAN
MARIBEL CRISTINA GIRALDO DUQUE ,Febrero,43221544,\\SRV-CONTAB\Servidor de Archivos\2025 SERVIDOR\RUT\MARIBEL CRISTINA GIRALDO DUQUE-.pdf,JHOAN
MARIBEL CRISTINA GIRALDO DUQUE ,Marzo,43221544,\\SRV-CONTAB\Servidor de Archivos\2025 SERVIDOR\RUT\MARIBEL CRISTINA GIRALDO DUQUE-.pdf,JHOAN
MARIBEL CRISTINA GIRALDO DUQUE ,Abril,43221544,\\SRV-CONTAB\Servidor de Archivos\2025 SERVIDOR\RUT\MARIBEL CRISTINA GIRALDO DUQUE-.pdf,JHOAN
MARIBEL CRISTINA GIRALDO DUQUE ,Mayo,43221544,\\SRV-CONTAB\Servidor de Archivos\2025 SERVIDOR\RUT\MARIBEL CRISTINA GIRALDO DUQUE-.pdf,JHOAN
MARIBEL CRISTINA GIRALDO DUQUE ,Junio,43221544,\\SRV-CONTAB\Servidor de Archivos\2025 SERVIDOR\RUT\MARIBEL CRISTINA GIRALDO DUQUE-.pdf,JHOAN
MARIBEL CRISTINA GIRALDO DUQUE ,Julio,43221544,\\SRV-CONTAB\Servidor de Archivos\2025 SERVIDOR\RUT\MARIBEL CRISTINA GIRALDO DUQUE-.pdf,JHOAN
MARIBEL CRISTINA GIRALDO DUQUE ,Agosto,43221544,\\SRV-CONTAB\Servidor de Archivos\2025 SERVIDOR\RUT\MARIBEL CRISTINA GIRALDO DUQUE-.pdf,JHOAN
MARIBEL CRISTINA GIRALDO DUQUE ,Septiembre,43221544,\\SRV-CONTAB\Servidor de Archivos\2025 SERVIDOR\RUT\MARIBEL CRISTINA GIRALDO DUQUE-.pdf,JHOAN
MARIBEL CRISTINA GIRALDO DUQUE ,Octubre,43221544,\\SRV-CONTAB\Servidor de Archivos\2025 SERVIDOR\RUT\MARIBEL CRISTINA GIRALDO DUQUE-.pdf,JHOAN
MARIBEL CRISTINA GIRALDO DUQUE ,Noviembre,43221544,\\SRV-CONTAB\Servidor de Archivos\2025 SERVIDOR\RUT\MARIBEL CRISTINA GIRALDO DUQUE-.pdf,JHOAN
MARIBEL CRISTINA GIRALDO DUQUE ,Diciembre,43221544,\\SRV-CONTAB\Servidor de Archivos\2025 SERVIDOR\RUT\MARIBEL CRISTINA GIRALDO DUQUE-.pdf,JHOAN
OSVALDO CONDE QUINTERO,Enero,73182794,\\SRV-CONTAB\Servidor de Archivos\2025 SERVIDOR\RUT\OSVALDO CONDE QUINTERO.pdf,JHOAN
OSVALDO CONDE QUINTERO,Febrero,73182794,\\SRV-CONTAB\Servidor de Archivos\2025 SERVIDOR\RUT\OSVALDO CONDE QUINTERO.pdf,JHOAN
OSVALDO CONDE QUINTERO,Marzo,73182794,\\SRV-CONTAB\Servidor de Archivos\2025 SERVIDOR\RUT\OSVALDO CONDE QUINTERO.pdf,JHOAN
OSVALDO CONDE QUINTERO,Abril,73182794,\\SRV-CONTAB\Servidor de Archivos\2025 SERVIDOR\RUT\OSVALDO CONDE QUINTERO.pdf,JHOAN
OSVALDO CONDE QUINTERO,Mayo,73182794,\\SRV-CONTAB\Servidor de Archivos\2025 SERVIDOR\RUT\OSVALDO CONDE QUINTERO.pdf,JHOAN
OSVALDO CONDE QUINTERO,Junio,73182794,\\SRV-CONTAB\Servidor de Archivos\2025 SERVIDOR\RUT\OSVALDO CONDE QUINTERO.pdf,JHOAN
OSVALDO CONDE QUINTERO,Julio,73182794,\\SRV-CONTAB\Servidor de Archivos\2025 SERVIDOR\RUT\OSVALDO CONDE QUINTERO.pdf,JHOAN
OSVALDO CONDE QUINTERO,Agosto,73182794,\\SRV-CONTAB\Servidor de Archivos\2025 SERVIDOR\RUT\OSVALDO CONDE QUINTERO.pdf,JHOAN
OSVALDO CONDE QUINTERO,Septiembre,73182794,\\SRV-CONTAB\Servidor de Archivos\2025 SERVIDOR\RUT\OSVALDO CONDE QUINTERO.pdf,JHOAN
OSVALDO CONDE QUINTERO,Octubre,73182794,\\SRV-CONTAB\Servidor de Archivos\2025 SERVIDOR\RUT\OSVALDO CONDE QUINTERO.pdf,JHOAN
OSVALDO CONDE QUINTERO,Noviembre,73182794,\\SRV-CONTAB\Servidor de Archivos\2025 SERVIDOR\RUT\OSVALDO CONDE QUINTERO.pdf,JHOAN
OSVALDO CONDE QUINTERO,Diciembre,73182794,\\SRV-CONTAB\Servidor de Archivos\2025 SERVIDOR\RUT\OSVALDO CONDE QUINTERO.pdf,JHOAN
"FRUTOS DEL CAMPO A SU MESA ""FRUCAM S.A.S (RST)",Enero,901488484,\\SRV-CONTAB\Servidor de Archivos\2025 SERVIDOR\RUT\FRUTOS DEL CAMPO A SU MESA - FRUCAM SAS 2026.pdf,JHOAN
"FRUTOS DEL CAMPO A SU MESA ""FRUCAM S.A.S (RST)",Febrero,901488484,\\SRV-CONTAB\Servidor de Archivos\2025 SERVIDOR\RUT\FRUTOS DEL CAMPO A SU MESA - FRUCAM SAS 2026.pdf,JHOAN
"FRUTOS DEL CAMPO A SU MESA ""FRUCAM S.A.S (RST)",Marzo,901488484,\\SRV-CONTAB\Servidor de Archivos\2025 SERVIDOR\RUT\FRUTOS DEL CAMPO A SU MESA - FRUCAM SAS 2026.pdf,JHOAN
"FRUTOS DEL CAMPO A SU MESA ""FRUCAM S.A.S (RST)",Abril,901488484,\\SRV-CONTAB\Servidor de Archivos\2025 SERVIDOR\RUT\FRUTOS DEL CAMPO A SU MESA - FRUCAM SAS 2026.pdf,JHOAN
"FRUTOS DEL CAMPO A SU MESA ""FRUCAM S.A.S (RST)",Mayo,901488484,\\SRV-CONTAB\Servidor de Archivos\2025 SERVIDOR\RUT\FRUTOS DEL CAMPO A SU MESA - FRUCAM SAS 2026.pdf,JHOAN
"FRUTOS DEL CAMPO A SU MESA ""FRUCAM S.A.S (RST)",Junio,901488484,\\SRV-CONTAB\Servidor de Archivos\2025 SERVIDOR\RUT\FRUTOS DEL CAMPO A SU MESA - FRUCAM SAS 2026.pdf,JHOAN
"FRUTOS DEL CAMPO A SU MESA ""FRUCAM S.A.S (RST)",Julio,901488484,\\SRV-CONTAB\Servidor de Archivos\2025 SERVIDOR\RUT\FRUTOS DEL CAMPO A SU MESA - FRUCAM SAS 2026.pdf,JHOAN
"FRUTOS DEL CAMPO A SU MESA ""FRUCAM S.A.S (RST)",Agosto,901488484,\\SRV-CONTAB\Servidor de Archivos\2025 SERVIDOR\RUT\FRUTOS DEL CAMPO A SU MESA - FRUCAM SAS 2026.pdf,JHOAN
"FRUTOS DEL CAMPO A SU MESA ""FRUCAM S.A.S (RST)",Septiembre,901488484,\\SRV-CONTAB\Servidor de Archivos\2025 SERVIDOR\RUT\FRUTOS DEL CAMPO A SU MESA - FRUCAM SAS 2026.pdf,JHOAN
"FRUTOS DEL CAMPO A SU MESA ""FRUCAM S.A.S (RST)",Octubre,901488484,\\SRV-CONTAB\Servidor de Archivos\2025 SERVIDOR\RUT\FRUTOS DEL CAMPO A SU MESA - FRUCAM SAS 2026.pdf,JHOAN
"FRUTOS DEL CAMPO A SU MESA ""FRUCAM S.A.S (RST)",Noviembre,901488484,\\SRV-CONTAB\Servidor de Archivos\2025 SERVIDOR\RUT\FRUTOS DEL CAMPO A SU MESA - FRUCAM SAS 2026.pdf,JHOAN
"FRUTOS DEL CAMPO A SU MESA ""FRUCAM S.A.S (RST)",Diciembre,901488484,\\SRV-CONTAB\Servidor de Archivos\2025 SERVIDOR\RUT\FRUTOS DEL CAMPO A SU MESA - FRUCAM SAS 2026.pdf,JHOAN
MANUFACTURA LETEX S.A.S. ,Enero,900801115,\\SRV-CONTAB\Servidor de Archivos\2025 SERVIDOR\RUT\MANUFACTURAS LETEX SAS.pdf,JHOAN
MANUFACTURA LETEX S.A.S. ,Febrero,900801115,\\SRV-CONTAB\Servidor de Archivos\2025 SERVIDOR\RUT\MANUFACTURAS LETEX SAS.pdf,JHOAN
MANUFACTURA LETEX S.A.S. ,Marzo,900801115,\\SRV-CONTAB\Servidor de Archivos\2025 SERVIDOR\RUT\MANUFACTURAS LETEX SAS.pdf,JHOAN
MANUFACTURA LETEX S.A.S. ,Abril,900801115,\\SRV-CONTAB\Servidor de Archivos\2025 SERVIDOR\RUT\MANUFACTURAS LETEX SAS.pdf,JHOAN
MANUFACTURA LETEX S.A.S. ,Mayo,900801115,\\SRV-CONTAB\Servidor de Archivos\2025 SERVIDOR\RUT\MANUFACTURAS LETEX SAS.pdf,JHOAN
MANUFACTURA LETEX S.A.S. ,Junio,900801115,\\SRV-CONTAB\Servidor de Archivos\2025 SERVIDOR\RUT\MANUFACTURAS LETEX SAS.pdf,JHOAN
MANUFACTURA LETEX S.A.S. ,Julio,900801115,\\SRV-CONTAB\Servidor de Archivos\2025 SERVIDOR\RUT\MANUFACTURAS LETEX SAS.pdf,JHOAN
MANUFACTURA LETEX S.A.S. ,Agosto,900801115,\\SRV-CONTAB\Servidor de Archivos\2025 SERVIDOR\RUT\MANUFACTURAS LETEX SAS.pdf,JHOAN
MANUFACTURA LETEX S.A.S. ,Septiembre,900801115,\\SRV-CONTAB\Servidor de Archivos\2025 SERVIDOR\RUT\MANUFACTURAS LETEX SAS.pdf,JHOAN
MANUFACTURA LETEX S.A.S. ,Octubre,900801115,\\SRV-CONTAB\Servidor de Archivos\2025 SERVIDOR\RUT\MANUFACTURAS LETEX SAS.pdf,JHOAN
MANUFACTURA LETEX S.A.S. ,Noviembre,900801115,\\SRV-CONTAB\Servidor de Archivos\2025 SERVIDOR\RUT\MANUFACTURAS LETEX SAS.pdf,JHOAN
MANUFACTURA LETEX S.A.S. ,Diciembre,900801115,\\SRV-CONTAB\Servidor de Archivos\2025 SERVIDOR\RUT\MANUFACTURAS LETEX SAS.pdf,JHOAN
PAULA ANDREA VERA SALAZAR,Enero,1216713815,\\SRV-CONTAB\Servidor de Archivos\2025 SERVIDOR\RUT\PAULA ANDREA VERA SALAZAR.pdf,JHOAN
PAULA ANDREA VERA SALAZAR,Febrero,1216713815,\\SRV-CONTAB\Servidor de Archivos\2025 SERVIDOR\RUT\PAULA ANDREA VERA SALAZAR.pdf,JHOAN
PAULA ANDREA VERA SALAZAR,Marzo,1216713815,\\SRV-CONTAB\Servidor de Archivos\2025 SERVIDOR\RUT\PAULA ANDREA VERA SALAZAR.pdf,JHOAN
PAULA ANDREA VERA SALAZAR,Abril,1216713815,\\SRV-CONTAB\Servidor de Archivos\2025 SERVIDOR\RUT\PAULA ANDREA VERA SALAZAR.pdf,JHOAN
PAULA ANDREA VERA SALAZAR,Mayo,1216713815,\\SRV-CONTAB\Servidor de Archivos\2025 SERVIDOR\RUT\PAULA ANDREA VERA SALAZAR.pdf,JHOAN
PAULA ANDREA VERA SALAZAR,Junio,1216713815,\\SRV-CONTAB\Servidor de Archivos\2025 SERVIDOR\RUT\PAULA ANDREA VERA SALAZAR.pdf,JHOAN
PAULA ANDREA VERA SALAZAR,Julio,1216713815,\\SRV-CONTAB\Servidor de Archivos\2025 SERVIDOR\RUT\PAULA ANDREA VERA SALAZAR.pdf,JHOAN
PAULA ANDREA VERA SALAZAR,Agosto,1216713815,\\SRV-CONTAB\Servidor de Archivos\2025 SERVIDOR\RUT\PAULA ANDREA VERA SALAZAR.pdf,JHOAN
PAULA ANDREA VERA SALAZAR,Septiembre,1216713815,\\SRV-CONTAB\Servidor de Archivos\2025 SERVIDOR\RUT\PAULA ANDREA VERA SALAZAR.pdf,JHOAN
PAULA ANDREA VERA SALAZAR,Octubre,1216713815,\\SRV-CONTAB\Servidor de Archivos\2025 SERVIDOR\RUT\PAULA ANDREA VERA SALAZAR.pdf,JHOAN
PAULA ANDREA VERA SALAZAR,Noviembre,1216713815,\\SRV-CONTAB\Servidor de Archivos\2025 SERVIDOR\RUT\PAULA ANDREA VERA SALAZAR.pdf,JHOAN
PAULA ANDREA VERA SALAZAR,Diciembre,1216713815,\\SRV-CONTAB\Servidor de Archivos\2025 SERVIDOR\RUT\PAULA ANDREA VERA SALAZAR.pdf,JHOAN
SERGIO HERNEY SANCHEZ GUTIERREZ ,Enero,71312125,\\SRV-CONTAB\Servidor de Archivos\2025 SERVIDOR\RUT\SERGIO HERNEY SANCHEZ GUTIERREZ RUT AC.pdf,JHOAN
SERGIO HERNEY SANCHEZ GUTIERREZ ,Febrero,71312125,\\SRV-CONTAB\Servidor de Archivos\2025 SERVIDOR\RUT\SERGIO HERNEY SANCHEZ GUTIERREZ RUT AC.pdf,JHOAN
SERGIO HERNEY SANCHEZ GUTIERREZ ,Marzo,71312125,\\SRV-CONTAB\Servidor de Archivos\2025 SERVIDOR\RUT\SERGIO HERNEY SANCHEZ GUTIERREZ RUT AC.pdf,JHOAN
SERGIO HERNEY SANCHEZ GUTIERREZ ,Abril,71312125,\\SRV-CONTAB\Servidor de Archivos\2025 SERVIDOR\RUT\SERGIO HERNEY SANCHEZ GUTIERREZ RUT AC.pdf,JHOAN
SERGIO HERNEY SANCHEZ GUTIERREZ ,Mayo,71312125,\\SRV-CONTAB\Servidor de Archivos\2025 SERVIDOR\RUT\SERGIO HERNEY SANCHEZ GUTIERREZ RUT AC.pdf,JHOAN
SERGIO HERNEY SANCHEZ GUTIERREZ ,Junio,71312125,\\SRV-CONTAB\Servidor de Archivos\2025 SERVIDOR\RUT\SERGIO HERNEY SANCHEZ GUTIERREZ RUT AC.pdf,JHOAN
SERGIO HERNEY SANCHEZ GUTIERREZ ,Julio,71312125,\\SRV-CONTAB\Servidor de Archivos\2025 SERVIDOR\RUT\SERGIO HERNEY SANCHEZ GUTIERREZ RUT AC.pdf,JHOAN
SERGIO HERNEY SANCHEZ GUTIERREZ ,Agosto,71312125,\\SRV-CONTAB\Servidor de Archivos\2025 SERVIDOR\RUT\SERGIO HERNEY SANCHEZ GUTIERREZ RUT AC.pdf,JHOAN
SERGIO HERNEY SANCHEZ GUTIERREZ ,Septiembre,71312125,\\SRV-CONTAB\Servidor de Archivos\2025 SERVIDOR\RUT\SERGIO HERNEY SANCHEZ GUTIERREZ RUT AC.pdf,JHOAN
SERGIO HERNEY SANCHEZ GUTIERREZ ,Octubre,71312125,\\SRV-CONTAB\Servidor de Archivos\2025 SERVIDOR\RUT\SERGIO HERNEY SANCHEZ GUTIERREZ RUT AC.pdf,JHOAN
SERGIO HERNEY SANCHEZ GUTIERREZ ,Noviembre,71312125,\\SRV-CONTAB\Servidor de Archivos\2025 SERVIDOR\RUT\SERGIO HERNEY SANCHEZ GUTIERREZ RUT AC.pdf,JHOAN
SERGIO HERNEY SANCHEZ GUTIERREZ ,Diciembre,71312125,\\SRV-CONTAB\Servidor de Archivos\2025 SERVIDOR\RUT\SERGIO HERNEY SANCHEZ GUTIERREZ RUT AC.pdf,JHOAN
CONFECCIONES KRIZARFENIX S.A.S (RST),Enero,901673225,\\SRV-CONTAB\Servidor de Archivos\2025 SERVIDOR\RUT\CONFECCIONES KRIZARFENIX SAS.pdf,JHOAN
CONFECCIONES KRIZARFENIX S.A.S (RST),Febrero,901673225,\\SRV-CONTAB\Servidor de Archivos\2025 SERVIDOR\RUT\CONFECCIONES KRIZARFENIX SAS.pdf,JHOAN
CONFECCIONES KRIZARFENIX S.A.S (RST),Marzo,901673225,\\SRV-CONTAB\Servidor de Archivos\2025 SERVIDOR\RUT\CONFECCIONES KRIZARFENIX SAS.pdf,JHOAN
CONFECCIONES KRIZARFENIX S.A.S (RST),Abril,901673225,\\SRV-CONTAB\Servidor de Archivos\2025 SERVIDOR\RUT\CONFECCIONES KRIZARFENIX SAS.pdf,JHOAN
CONFECCIONES KRIZARFENIX S.A.S (RST),Mayo,901673225,\\SRV-CONTAB\Servidor de Archivos\2025 SERVIDOR\RUT\CONFECCIONES KRIZARFENIX SAS.pdf,JHOAN
CONFECCIONES KRIZARFENIX S.A.S (RST),Junio,901673225,\\SRV-CONTAB\Servidor de Archivos\2025 SERVIDOR\RUT\CONFECCIONES KRIZARFENIX SAS.pdf,JHOAN
CONFECCIONES KRIZARFENIX S.A.S (RST),Julio,901673225,\\SRV-CONTAB\Servidor de Archivos\2025 SERVIDOR\RUT\CONFECCIONES KRIZARFENIX SAS.pdf,JHOAN
CONFECCIONES KRIZARFENIX S.A.S (RST),Agosto,901673225,\\SRV-CONTAB\Servidor de Archivos\2025 SERVIDOR\RUT\CONFECCIONES KRIZARFENIX SAS.pdf,JHOAN
CONFECCIONES KRIZARFENIX S.A.S (RST),Septiembre,901673225,\\SRV-CONTAB\Servidor de Archivos\2025 SERVIDOR\RUT\CONFECCIONES KRIZARFENIX SAS.pdf,JHOAN
CONFECCIONES KRIZARFENIX S.A.S (RST),Octubre,901673225,\\SRV-CONTAB\Servidor de Archivos\2025 SERVIDOR\RUT\CONFECCIONES KRIZARFENIX SAS.pdf,JHOAN
CONFECCIONES KRIZARFENIX S.A.S (RST),Noviembre,901673225,\\SRV-CONTAB\Servidor de Archivos\2025 SERVIDOR\RUT\CONFECCIONES KRIZARFENIX SAS.pdf,JHOAN
CONFECCIONES KRIZARFENIX S.A.S (RST),Diciembre,901673225,\\SRV-CONTAB\Servidor de Archivos\2025 SERVIDOR\RUT\CONFECCIONES KRIZARFENIX SAS.pdf,JHOAN
SANMATEX S.A.S (RST),Enero,901261565,\\SRV-CONTAB\Servidor de Archivos\2025 SERVIDOR\RUT\SANMATEX SAS.pdf,JHOAN
SANMATEX S.A.S (RST),Febrero,901261565,\\SRV-CONTAB\Servidor de Archivos\2025 SERVIDOR\RUT\SANMATEX SAS.pdf,JHOAN
SANMATEX S.A.S (RST),Marzo,901261565,\\SRV-CONTAB\Servidor de Archivos\2025 SERVIDOR\RUT\SANMATEX SAS.pdf,JHOAN
SANMATEX S.A.S (RST),Abril,901261565,\\SRV-CONTAB\Servidor de Archivos\2025 SERVIDOR\RUT\SANMATEX SAS.pdf,JHOAN
SANMATEX S.A.S (RST),Mayo,901261565,\\SRV-CONTAB\Servidor de Archivos\2025 SERVIDOR\RUT\SANMATEX SAS.pdf,JHOAN
SANMATEX S.A.S (RST),Junio,901261565,\\SRV-CONTAB\Servidor de Archivos\2025 SERVIDOR\RUT\SANMATEX SAS.pdf,JHOAN
SANMATEX S.A.S (RST),Julio,901261565,\\SRV-CONTAB\Servidor de Archivos\2025 SERVIDOR\RUT\SANMATEX SAS.pdf,JHOAN
SANMATEX S.A.S (RST),Agosto,901261565,\\SRV-CONTAB\Servidor de Archivos\2025 SERVIDOR\RUT\SANMATEX SAS.pdf,JHOAN
SANMATEX S.A.S (RST),Septiembre,901261565,\\SRV-CONTAB\Servidor de Archivos\2025 SERVIDOR\RUT\SANMATEX SAS.pdf,JHOAN
SANMATEX S.A.S (RST),Octubre,901261565,\\SRV-CONTAB\Servidor de Archivos\2025 SERVIDOR\RUT\SANMATEX SAS.pdf,JHOAN
SANMATEX S.A.S (RST),Noviembre,901261565,\\SRV-CONTAB\Servidor de Archivos\2025 SERVIDOR\RUT\SANMATEX SAS.pdf,JHOAN
SANMATEX S.A.S (RST),Diciembre,901261565,\\SRV-CONTAB\Servidor de Archivos\2025 SERVIDOR\RUT\SANMATEX SAS.pdf,JHOAN
PLAINTEX S.A.S.,Enero,901835356,\\SRV-CONTAB\Servidor de Archivos\2025 SERVIDOR\RUT\PLAINTEX SAS.pdf,JHOAN
PLAINTEX S.A.S.,Febrero,901835356,\\SRV-CONTAB\Servidor de Archivos\2025 SERVIDOR\RUT\PLAINTEX SAS.pdf,JHOAN
PLAINTEX S.A.S.,Marzo,901835356,\\SRV-CONTAB\Servidor de Archivos\2025 SERVIDOR\RUT\PLAINTEX SAS.pdf,JHOAN
PLAINTEX S.A.S.,Abril,901835356,\\SRV-CONTAB\Servidor de Archivos\2025 SERVIDOR\RUT\PLAINTEX SAS.pdf,JHOAN
PLAINTEX S.A.S.,Mayo,901835356,\\SRV-CONTAB\Servidor de Archivos\2025 SERVIDOR\RUT\PLAINTEX SAS.pdf,JHOAN
PLAINTEX S.A.S.,Junio,901835356,\\SRV-CONTAB\Servidor de Archivos\2025 SERVIDOR\RUT\PLAINTEX SAS.pdf,JHOAN
PLAINTEX S.A.S.,Julio,901835356,\\SRV-CONTAB\Servidor de Archivos\2025 SERVIDOR\RUT\PLAINTEX SAS.pdf,JHOAN
PLAINTEX S.A.S.,Agosto,901835356,\\SRV-CONTAB\Servidor de Archivos\2025 SERVIDOR\RUT\PLAINTEX SAS.pdf,JHOAN
PLAINTEX S.A.S.,Septiembre,901835356,\\SRV-CONTAB\Servidor de Archivos\2025 SERVIDOR\RUT\PLAINTEX SAS.pdf,JHOAN
PLAINTEX S.A.S.,Octubre,901835356,\\SRV-CONTAB\Servidor de Archivos\2025 SERVIDOR\RUT\PLAINTEX SAS.pdf,JHOAN
PLAINTEX S.A.S.,Noviembre,901835356,\\SRV-CONTAB\Servidor de Archivos\2025 SERVIDOR\RUT\PLAINTEX SAS.pdf,JHOAN
PLAINTEX S.A.S.,Diciembre,901835356,\\SRV-CONTAB\Servidor de Archivos\2025 SERVIDOR\RUT\PLAINTEX SAS.pdf,JHOAN
DANIEL FERNANDO LOPEZ UMAÃA,Enero,1053822036,\\SRV-CONTAB\Servidor de Archivos\2025 SERVIDOR\RUT\DANIEL FERNANDO LOPEZ  UMAÃA.pdf,JHOAN
DANIEL FERNANDO LOPEZ UMAÃA,Febrero,1053822036,\\SRV-CONTAB\Servidor de Archivos\2025 SERVIDOR\RUT\DANIEL FERNANDO LOPEZ  UMAÃA.pdf,JHOAN
DANIEL FERNANDO LOPEZ UMAÃA,Marzo,1053822036,\\SRV-CONTAB\Servidor de Archivos\2025 SERVIDOR\RUT\DANIEL FERNANDO LOPEZ  UMAÃA.pdf,JHOAN
DANIEL FERNANDO LOPEZ UMAÃA,Abril,1053822036,\\SRV-CONTAB\Servidor de Archivos\2025 SERVIDOR\RUT\DANIEL FERNANDO LOPEZ  UMAÃA.pdf,JHOAN
DANIEL FERNANDO LOPEZ UMAÃA,Mayo,1053822036,\\SRV-CONTAB\Servidor de Archivos\2025 SERVIDOR\RUT\DANIEL FERNANDO LOPEZ  UMAÃA.pdf,JHOAN
DANIEL FERNANDO LOPEZ UMAÃA,Junio,1053822036,\\SRV-CONTAB\Servidor de Archivos\2025 SERVIDOR\RUT\DANIEL FERNANDO LOPEZ  UMAÃA.pdf,JHOAN
DANIEL FERNANDO LOPEZ UMAÃA,Julio,1053822036,\\SRV-CONTAB\Servidor de Archivos\2025 SERVIDOR\RUT\DANIEL FERNANDO LOPEZ  UMAÃA.pdf,JHOAN
DANIEL FERNANDO LOPEZ UMAÃA,Agosto,1053822036,\\SRV-CONTAB\Servidor de Archivos\2025 SERVIDOR\RUT\DANIEL FERNANDO LOPEZ  UMAÃA.pdf,JHOAN
DANIEL FERNANDO LOPEZ UMAÃA,Septiembre,1053822036,\\SRV-CONTAB\Servidor de Archivos\2025 SERVIDOR\RUT\DANIEL FERNANDO LOPEZ  UMAÃA.pdf,JHOAN
DANIEL FERNANDO LOPEZ UMAÃA,Octubre,1053822036,\\SRV-CONTAB\Servidor de Archivos\2025 SERVIDOR\RUT\DANIEL FERNANDO LOPEZ  UMAÃA.pdf,JHOAN
DANIEL FERNANDO LOPEZ UMAÃA,Noviembre,1053822036,\\SRV-CONTAB\Servidor de Archivos\2025 SERVIDOR\RUT\DANIEL FERNANDO LOPEZ  UMAÃA.pdf,JHOAN
DANIEL FERNANDO LOPEZ UMAÃA,Diciembre,1053822036,\\SRV-CONTAB\Servidor de Archivos\2025 SERVIDOR\RUT\DANIEL FERNANDO LOPEZ  UMAÃA.pdf,JHOAN
CATALINA HERNANDEZ GOMEZ (UMAÃA),Enero,1128391156,\\SRV-CONTAB\Servidor de Archivos\2025 SERVIDOR\RUT\CATALINA HERNANDEZ GOMEZ.pdf,JHOAN
CATALINA HERNANDEZ GOMEZ (UMAÃA),Febrero,1128391156,\\SRV-CONTAB\Servidor de Archivos\2025 SERVIDOR\RUT\CATALINA HERNANDEZ GOMEZ.pdf,JHOAN
CATALINA HERNANDEZ GOMEZ (UMAÃA),Marzo,1128391156,\\SRV-CONTAB\Servidor de Archivos\2025 SERVIDOR\RUT\CATALINA HERNANDEZ GOMEZ.pdf,JHOAN
CATALINA HERNANDEZ GOMEZ (UMAÃA),Abril,1128391156,\\SRV-CONTAB\Servidor de Archivos\2025 SERVIDOR\RUT\CATALINA HERNANDEZ GOMEZ.pdf,JHOAN
CATALINA HERNANDEZ GOMEZ (UMAÃA),Mayo,1128391156,\\SRV-CONTAB\Servidor de Archivos\2025 SERVIDOR\RUT\CATALINA HERNANDEZ GOMEZ.pdf,JHOAN
CATALINA HERNANDEZ GOMEZ (UMAÃA),Junio,1128391156,\\SRV-CONTAB\Servidor de Archivos\2025 SERVIDOR\RUT\CATALINA HERNANDEZ GOMEZ.pdf,JHOAN
CATALINA HERNANDEZ GOMEZ (UMAÃA),Julio,1128391156,\\SRV-CONTAB\Servidor de Archivos\2025 SERVIDOR\RUT\CATALINA HERNANDEZ GOMEZ.pdf,JHOAN
CATALINA HERNANDEZ GOMEZ (UMAÃA),Agosto,1128391156,\\SRV-CONTAB\Servidor de Archivos\2025 SERVIDOR\RUT\CATALINA HERNANDEZ GOMEZ.pdf,JHOAN
CATALINA HERNANDEZ GOMEZ (UMAÃA),Septiembre,1128391156,\\SRV-CONTAB\Servidor de Archivos\2025 SERVIDOR\RUT\CATALINA HERNANDEZ GOMEZ.pdf,JHOAN
CATALINA HERNANDEZ GOMEZ (UMAÃA),Octubre,1128391156,\\SRV-CONTAB\Servidor de Archivos\2025 SERVIDOR\RUT\CATALINA HERNANDEZ GOMEZ.pdf,JHOAN
CATALINA HERNANDEZ GOMEZ (UMAÃA),Noviembre,1128391156,\\SRV-CONTAB\Servidor de Archivos\2025 SERVIDOR\RUT\CATALINA HERNANDEZ GOMEZ.pdf,JHOAN
CATALINA HERNANDEZ GOMEZ (UMAÃA),Diciembre,1128391156,\\SRV-CONTAB\Servidor de Archivos\2025 SERVIDOR\RUT\CATALINA HERNANDEZ GOMEZ.pdf,JHOAN
CONFECCIONES ESTILOS Y MODA S.A.S. (RST),Enero,901131186,\\SRV-CONTAB\Servidor de Archivos\2025 SERVIDOR\RUT\CONFECCIONES ESTILO Y MODA SAS.pdf,JHOAN
CONFECCIONES ESTILOS Y MODA S.A.S. (RST),Febrero,901131186,\\SRV-CONTAB\Servidor de Archivos\2025 SERVIDOR\RUT\CONFECCIONES ESTILO Y MODA SAS.pdf,JHOAN
CONFECCIONES ESTILOS Y MODA S.A.S. (RST),Marzo,901131186,\\SRV-CONTAB\Servidor de Archivos\2025 SERVIDOR\RUT\CONFECCIONES ESTILO Y MODA SAS.pdf,JHOAN
CONFECCIONES ESTILOS Y MODA S.A.S. (RST),Abril,901131186,\\SRV-CONTAB\Servidor de Archivos\2025 SERVIDOR\RUT\CONFECCIONES ESTILO Y MODA SAS.pdf,JHOAN
CONFECCIONES ESTILOS Y MODA S.A.S. (RST),Mayo,901131186,\\SRV-CONTAB\Servidor de Archivos\2025 SERVIDOR\RUT\CONFECCIONES ESTILO Y MODA SAS.pdf,JHOAN
CONFECCIONES ESTILOS Y MODA S.A.S. (RST),Junio,901131186,\\SRV-CONTAB\Servidor de Archivos\2025 SERVIDOR\RUT\CONFECCIONES ESTILO Y MODA SAS.pdf,JHOAN
CONFECCIONES ESTILOS Y MODA S.A.S. (RST),Julio,901131186,\\SRV-CONTAB\Servidor de Archivos\2025 SERVIDOR\RUT\CONFECCIONES ESTILO Y MODA SAS.pdf,JHOAN
CONFECCIONES ESTILOS Y MODA S.A.S. (RST),Agosto,901131186,\\SRV-CONTAB\Servidor de Archivos\2025 SERVIDOR\RUT\CONFECCIONES ESTILO Y MODA SAS.pdf,JHOAN
CONFECCIONES ESTILOS Y MODA S.A.S. (RST),Septiembre,901131186,\\SRV-CONTAB\Servidor de Archivos\2025 SERVIDOR\RUT\CONFECCIONES ESTILO Y MODA SAS.pdf,JHOAN
CONFECCIONES ESTILOS Y MODA S.A.S. (RST),Octubre,901131186,\\SRV-CONTAB\Servidor de Archivos\2025 SERVIDOR\RUT\CONFECCIONES ESTILO Y MODA SAS.pdf,JHOAN
CONFECCIONES ESTILOS Y MODA S.A.S. (RST),Noviembre,901131186,\\SRV-CONTAB\Servidor de Archivos\2025 SERVIDOR\RUT\CONFECCIONES ESTILO Y MODA SAS.pdf,JHOAN
CONFECCIONES ESTILOS Y MODA S.A.S. (RST),Diciembre,901131186,\\SRV-CONTAB\Servidor de Archivos\2025 SERVIDOR\RUT\CONFECCIONES ESTILO Y MODA SAS.pdf,JHOAN
JOHN JAIRO ECHEVERRI SALAZAR,Enero,70696497,\\SRV-CONTAB\Servidor de Archivos\2025 SERVIDOR\RUT\JOHN JAIRO ECHEVERRI SALAZAR.pdf,JHOAN
JOHN JAIRO ECHEVERRI SALAZAR,Febrero,70696497,\\SRV-CONTAB\Servidor de Archivos\2025 SERVIDOR\RUT\JOHN JAIRO ECHEVERRI SALAZAR.pdf,JHOAN
JOHN JAIRO ECHEVERRI SALAZAR,Marzo,70696497,\\SRV-CONTAB\Servidor de Archivos\2025 SERVIDOR\RUT\JOHN JAIRO ECHEVERRI SALAZAR.pdf,JHOAN
JOHN JAIRO ECHEVERRI SALAZAR,Abril,70696497,\\SRV-CONTAB\Servidor de Archivos\2025 SERVIDOR\RUT\JOHN JAIRO ECHEVERRI SALAZAR.pdf,JHOAN
JOHN JAIRO ECHEVERRI SALAZAR,Mayo,70696497,\\SRV-CONTAB\Servidor de Archivos\2025 SERVIDOR\RUT\JOHN JAIRO ECHEVERRI SALAZAR.pdf,JHOAN
JOHN JAIRO ECHEVERRI SALAZAR,Junio,70696497,\\SRV-CONTAB\Servidor de Archivos\2025 SERVIDOR\RUT\JOHN JAIRO ECHEVERRI SALAZAR.pdf,JHOAN
JOHN JAIRO ECHEVERRI SALAZAR,Julio,70696497,\\SRV-CONTAB\Servidor de Archivos\2025 SERVIDOR\RUT\JOHN JAIRO ECHEVERRI SALAZAR.pdf,JHOAN
JOHN JAIRO ECHEVERRI SALAZAR,Agosto,70696497,\\SRV-CONTAB\Servidor de Archivos\2025 SERVIDOR\RUT\JOHN JAIRO ECHEVERRI SALAZAR.pdf,JHOAN
JOHN JAIRO ECHEVERRI SALAZAR,Septiembre,70696497,\\SRV-CONTAB\Servidor de Archivos\2025 SERVIDOR\RUT\JOHN JAIRO ECHEVERRI SALAZAR.pdf,JHOAN
JOHN JAIRO ECHEVERRI SALAZAR,Octubre,70696497,\\SRV-CONTAB\Servidor de Archivos\2025 SERVIDOR\RUT\JOHN JAIRO ECHEVERRI SALAZAR.pdf,JHOAN
JOHN JAIRO ECHEVERRI SALAZAR,Noviembre,70696497,\\SRV-CONTAB\Servidor de Archivos\2025 SERVIDOR\RUT\JOHN JAIRO ECHEVERRI SALAZAR.pdf,JHOAN
JOHN JAIRO ECHEVERRI SALAZAR,Diciembre,70696497,\\SRV-CONTAB\Servidor de Archivos\2025 SERVIDOR\RUT\JOHN JAIRO ECHEVERRI SALAZAR.pdf,JHOAN
ALEJANDRA GOMEZ GUTIERREZ,Enero,1040358407,\\SRV-CONTAB\Servidor de Archivos\2025 SERVIDOR\RUT\ALEJANDRA GUTIERREZ GOMEZ.pdf,JHOAN
ALEJANDRA GOMEZ GUTIERREZ,Febrero,1040358407,\\SRV-CONTAB\Servidor de Archivos\2025 SERVIDOR\RUT\ALEJANDRA GUTIERREZ GOMEZ.pdf,JHOAN
ALEJANDRA GOMEZ GUTIERREZ,Marzo,1040358407,\\SRV-CONTAB\Servidor de Archivos\2025 SERVIDOR\RUT\ALEJANDRA GUTIERREZ GOMEZ.pdf,JHOAN
ALEJANDRA GOMEZ GUTIERREZ,Abril,1040358407,\\SRV-CONTAB\Servidor de Archivos\2025 SERVIDOR\RUT\ALEJANDRA GUTIERREZ GOMEZ.pdf,JHOAN
ALEJANDRA GOMEZ GUTIERREZ,Mayo,1040358407,\\SRV-CONTAB\Servidor de Archivos\2025 SERVIDOR\RUT\ALEJANDRA GUTIERREZ GOMEZ.pdf,JHOAN
ALEJANDRA GOMEZ GUTIERREZ,Junio,1040358407,\\SRV-CONTAB\Servidor de Archivos\2025 SERVIDOR\RUT\ALEJANDRA GUTIERREZ GOMEZ.pdf,JHOAN
ALEJANDRA GOMEZ GUTIERREZ,Julio,1040358407,\\SRV-CONTAB\Servidor de Archivos\2025 SERVIDOR\RUT\ALEJANDRA GUTIERREZ GOMEZ.pdf,JHOAN
ALEJANDRA GOMEZ GUTIERREZ,Agosto,1040358407,\\SRV-CONTAB\Servidor de Archivos\2025 SERVIDOR\RUT\ALEJANDRA GUTIERREZ GOMEZ.pdf,JHOAN
ALEJANDRA GOMEZ GUTIERREZ,Septiembre,1040358407,\\SRV-CONTAB\Servidor de Archivos\2025 SERVIDOR\RUT\ALEJANDRA GUTIERREZ GOMEZ.pdf,JHOAN
ALEJANDRA GOMEZ GUTIERREZ,Octubre,1040358407,\\SRV-CONTAB\Servidor de Archivos\2025 SERVIDOR\RUT\ALEJANDRA GUTIERREZ GOMEZ.pdf,JHOAN
ALEJANDRA GOMEZ GUTIERREZ,Noviembre,1040358407,\\SRV-CONTAB\Servidor de Archivos\2025 SERVIDOR\RUT\ALEJANDRA GUTIERREZ GOMEZ.pdf,JHOAN
ALEJANDRA GOMEZ GUTIERREZ,Diciembre,1040358407,\\SRV-CONTAB\Servidor de Archivos\2025 SERVIDOR\RUT\ALEJANDRA GUTIERREZ GOMEZ.pdf,JHOAN
LUIS CARLOS GIRALDO ZULUAGA,Enero,70692078,\\SRV-CONTAB\Servidor de Archivos\2025 SERVIDOR\RUT\LUIS CARLOS GIRALDO ZULUAGA.pdf,JHOAN
LUIS CARLOS GIRALDO ZULUAGA,Febrero,70692078,\\SRV-CONTAB\Servidor de Archivos\2025 SERVIDOR\RUT\LUIS CARLOS GIRALDO ZULUAGA.pdf,JHOAN
LUIS CARLOS GIRALDO ZULUAGA,Marzo,70692078,\\SRV-CONTAB\Servidor de Archivos\2025 SERVIDOR\RUT\LUIS CARLOS GIRALDO ZULUAGA.pdf,JHOAN
LUIS CARLOS GIRALDO ZULUAGA,Abril,70692078,\\SRV-CONTAB\Servidor de Archivos\2025 SERVIDOR\RUT\LUIS CARLOS GIRALDO ZULUAGA.pdf,JHOAN
LUIS CARLOS GIRALDO ZULUAGA,Mayo,70692078,\\SRV-CONTAB\Servidor de Archivos\2025 SERVIDOR\RUT\LUIS CARLOS GIRALDO ZULUAGA.pdf,JHOAN
LUIS CARLOS GIRALDO ZULUAGA,Junio,70692078,\\SRV-CONTAB\Servidor de Archivos\2025 SERVIDOR\RUT\LUIS CARLOS GIRALDO ZULUAGA.pdf,JHOAN
LUIS CARLOS GIRALDO ZULUAGA,Julio,70692078,\\SRV-CONTAB\Servidor de Archivos\2025 SERVIDOR\RUT\LUIS CARLOS GIRALDO ZULUAGA.pdf,JHOAN
LUIS CARLOS GIRALDO ZULUAGA,Agosto,70692078,\\SRV-CONTAB\Servidor de Archivos\2025 SERVIDOR\RUT\LUIS CARLOS GIRALDO ZULUAGA.pdf,JHOAN
LUIS CARLOS GIRALDO ZULUAGA,Septiembre,70692078,\\SRV-CONTAB\Servidor de Archivos\2025 SERVIDOR\RUT\LUIS CARLOS GIRALDO ZULUAGA.pdf,JHOAN
LUIS CARLOS GIRALDO ZULUAGA,Octubre,70692078,\\SRV-CONTAB\Servidor de Archivos\2025 SERVIDOR\RUT\LUIS CARLOS GIRALDO ZULUAGA.pdf,JHOAN
LUIS CARLOS GIRALDO ZULUAGA,Noviembre,70692078,\\SRV-CONTAB\Servidor de Archivos\2025 SERVIDOR\RUT\LUIS CARLOS GIRALDO ZULUAGA.pdf,JHOAN
LUIS CARLOS GIRALDO ZULUAGA,Diciembre,70692078,\\SRV-CONTAB\Servidor de Archivos\2025 SERVIDOR\RUT\LUIS CARLOS GIRALDO ZULUAGA.pdf,JHOAN
CARLOS ARTURO GARCIA CASTRILLON (RST),Enero,1044502068,\\SRV-CONTAB\Servidor de Archivos\2025 SERVIDOR\01 ARCHIVO DE LOS CLIENTES\CARLOS ARTURO GARCIA CASTRILLON,JHOAN
CARLOS ARTURO GARCIA CASTRILLON (RST),Febrero,1044502068,\\SRV-CONTAB\Servidor de Archivos\2025 SERVIDOR\01 ARCHIVO DE LOS CLIENTES\CARLOS ARTURO GARCIA CASTRILLON,JHOAN
CARLOS ARTURO GARCIA CASTRILLON (RST),Marzo,1044502068,\\SRV-CONTAB\Servidor de Archivos\2025 SERVIDOR\01 ARCHIVO DE LOS CLIENTES\CARLOS ARTURO GARCIA CASTRILLON,JHOAN
CARLOS ARTURO GARCIA CASTRILLON (RST),Abril,1044502068,\\SRV-CONTAB\Servidor de Archivos\2025 SERVIDOR\01 ARCHIVO DE LOS CLIENTES\CARLOS ARTURO GARCIA CASTRILLON,JHOAN
CARLOS ARTURO GARCIA CASTRILLON (RST),Mayo,1044502068,\\SRV-CONTAB\Servidor de Archivos\2025 SERVIDOR\01 ARCHIVO DE LOS CLIENTES\CARLOS ARTURO GARCIA CASTRILLON,JHOAN
CARLOS ARTURO GARCIA CASTRILLON (RST),Junio,1044502068,\\SRV-CONTAB\Servidor de Archivos\2025 SERVIDOR\01 ARCHIVO DE LOS CLIENTES\CARLOS ARTURO GARCIA CASTRILLON,JHOAN
CARLOS ARTURO GARCIA CASTRILLON (RST),Julio,1044502068,\\SRV-CONTAB\Servidor de Archivos\2025 SERVIDOR\01 ARCHIVO DE LOS CLIENTES\CARLOS ARTURO GARCIA CASTRILLON,JHOAN
CARLOS ARTURO GARCIA CASTRILLON (RST),Agosto,1044502068,\\SRV-CONTAB\Servidor de Archivos\2025 SERVIDOR\01 ARCHIVO DE LOS CLIENTES\CARLOS ARTURO GARCIA CASTRILLON,JHOAN
CARLOS ARTURO GARCIA CASTRILLON (RST),Septiembre,1044502068,\\SRV-CONTAB\Servidor de Archivos\2025 SERVIDOR\01 ARCHIVO DE LOS CLIENTES\CARLOS ARTURO GARCIA CASTRILLON,JHOAN
CARLOS ARTURO GARCIA CASTRILLON (RST),Octubre,1044502068,\\SRV-CONTAB\Servidor de Archivos\2025 SERVIDOR\01 ARCHIVO DE LOS CLIENTES\CARLOS ARTURO GARCIA CASTRILLON,JHOAN
CARLOS ARTURO GARCIA CASTRILLON (RST),Noviembre,1044502068,\\SRV-CONTAB\Servidor de Archivos\2025 SERVIDOR\01 ARCHIVO DE LOS CLIENTES\CARLOS ARTURO GARCIA CASTRILLON,JHOAN
CARLOS ARTURO GARCIA CASTRILLON (RST),Diciembre,1044502068,\\SRV-CONTAB\Servidor de Archivos\2025 SERVIDOR\01 ARCHIVO DE LOS CLIENTES\CARLOS ARTURO GARCIA CASTRILLON,JHOAN
KONEK S.A.S.,Enero,901458279,\\SRV-CONTAB\Servidor de Archivos\2025 SERVIDOR\RUT\KONEK SAS.pdf,JHOAN
KONEK S.A.S.,Febrero,901458279,\\SRV-CONTAB\Servidor de Archivos\2025 SERVIDOR\RUT\KONEK SAS.pdf,JHOAN
KONEK S.A.S.,Marzo,901458279,\\SRV-CONTAB\Servidor de Archivos\2025 SERVIDOR\RUT\KONEK SAS.pdf,JHOAN
KONEK S.A.S.,Abril,901458279,\\SRV-CONTAB\Servidor de Archivos\2025 SERVIDOR\RUT\KONEK SAS.pdf,JHOAN
KONEK S.A.S.,Mayo,901458279,\\SRV-CONTAB\Servidor de Archivos\2025 SERVIDOR\RUT\KONEK SAS.pdf,JHOAN
KONEK S.A.S.,Junio,901458279,\\SRV-CONTAB\Servidor de Archivos\2025 SERVIDOR\RUT\KONEK SAS.pdf,JHOAN
KONEK S.A.S.,Julio,901458279,\\SRV-CONTAB\Servidor de Archivos\2025 SERVIDOR\RUT\KONEK SAS.pdf,JHOAN
KONEK S.A.S.,Agosto,901458279,\\SRV-CONTAB\Servidor de Archivos\2025 SERVIDOR\RUT\KONEK SAS.pdf,JHOAN
KONEK S.A.S.,Septiembre,901458279,\\SRV-CONTAB\Servidor de Archivos\2025 SERVIDOR\RUT\KONEK SAS.pdf,JHOAN
KONEK S.A.S.,Octubre,901458279,\\SRV-CONTAB\Servidor de Archivos\2025 SERVIDOR\RUT\KONEK SAS.pdf,JHOAN
KONEK S.A.S.,Noviembre,901458279,\\SRV-CONTAB\Servidor de Archivos\2025 SERVIDOR\RUT\KONEK SAS.pdf,JHOAN
KONEK S.A.S.,Diciembre,901458279,\\SRV-CONTAB\Servidor de Archivos\2025 SERVIDOR\RUT\KONEK SAS.pdf,JHOAN
FABIAN DE JESUS GOMEZ DUQUE(FRUTOS DEL CAMPO) RST,Enero,1045019579,\\SRV-CONTAB\Servidor de Archivos\2025 SERVIDOR\RUT\FABIAN DE JESUS GOMEZ DUQUE.pdf,JHOAN
FABIAN DE JESUS GOMEZ DUQUE(FRUTOS DEL CAMPO) RST,Febrero,1045019579,\\SRV-CONTAB\Servidor de Archivos\2025 SERVIDOR\RUT\FABIAN DE JESUS GOMEZ DUQUE.pdf,JHOAN
FABIAN DE JESUS GOMEZ DUQUE(FRUTOS DEL CAMPO) RST,Marzo,1045019579,\\SRV-CONTAB\Servidor de Archivos\2025 SERVIDOR\RUT\FABIAN DE JESUS GOMEZ DUQUE.pdf,JHOAN
FABIAN DE JESUS GOMEZ DUQUE(FRUTOS DEL CAMPO) RST,Abril,1045019579,\\SRV-CONTAB\Servidor de Archivos\2025 SERVIDOR\RUT\FABIAN DE JESUS GOMEZ DUQUE.pdf,JHOAN
FABIAN DE JESUS GOMEZ DUQUE(FRUTOS DEL CAMPO) RST,Mayo,1045019579,\\SRV-CONTAB\Servidor de Archivos\2025 SERVIDOR\RUT\FABIAN DE JESUS GOMEZ DUQUE.pdf,JHOAN
FABIAN DE JESUS GOMEZ DUQUE(FRUTOS DEL CAMPO) RST,Junio,1045019579,\\SRV-CONTAB\Servidor de Archivos\2025 SERVIDOR\RUT\FABIAN DE JESUS GOMEZ DUQUE.pdf,JHOAN
FABIAN DE JESUS GOMEZ DUQUE(FRUTOS DEL CAMPO) RST,Julio,1045019579,\\SRV-CONTAB\Servidor de Archivos\2025 SERVIDOR\RUT\FABIAN DE JESUS GOMEZ DUQUE.pdf,JHOAN
FABIAN DE JESUS GOMEZ DUQUE(FRUTOS DEL CAMPO) RST,Agosto,1045019579,\\SRV-CONTAB\Servidor de Archivos\2025 SERVIDOR\RUT\FABIAN DE JESUS GOMEZ DUQUE.pdf,JHOAN
FABIAN DE JESUS GOMEZ DUQUE(FRUTOS DEL CAMPO) RST,Septiembre,1045019579,\\SRV-CONTAB\Servidor de Archivos\2025 SERVIDOR\RUT\FABIAN DE JESUS GOMEZ DUQUE.pdf,JHOAN
FABIAN DE JESUS GOMEZ DUQUE(FRUTOS DEL CAMPO) RST,Octubre,1045019579,\\SRV-CONTAB\Servidor de Archivos\2025 SERVIDOR\RUT\FABIAN DE JESUS GOMEZ DUQUE.pdf,JHOAN
FABIAN DE JESUS GOMEZ DUQUE(FRUTOS DEL CAMPO) RST,Noviembre,1045019579,\\SRV-CONTAB\Servidor de Archivos\2025 SERVIDOR\RUT\FABIAN DE JESUS GOMEZ DUQUE.pdf,JHOAN
FABIAN DE JESUS GOMEZ DUQUE(FRUTOS DEL CAMPO) RST,Diciembre,1045019579,\\SRV-CONTAB\Servidor de Archivos\2025 SERVIDOR\RUT\FABIAN DE JESUS GOMEZ DUQUE.pdf,JHOAN
LUZ MARINA ZAPATA ALVAREZ,Enero,43095100,\\SRV-CONTAB\Servidor de Archivos\2025 SERVIDOR\RUT\LUZ MARINA ZAPATA ALVAREZ.pdf,JHOAN
LUZ MARINA ZAPATA ALVAREZ,Febrero,43095100,\\SRV-CONTAB\Servidor de Archivos\2025 SERVIDOR\RUT\LUZ MARINA ZAPATA ALVAREZ.pdf,JHOAN
LUZ MARINA ZAPATA ALVAREZ,Marzo,43095100,\\SRV-CONTAB\Servidor de Archivos\2025 SERVIDOR\RUT\LUZ MARINA ZAPATA ALVAREZ.pdf,JHOAN
LUZ MARINA ZAPATA ALVAREZ,Abril,43095100,\\SRV-CONTAB\Servidor de Archivos\2025 SERVIDOR\RUT\LUZ MARINA ZAPATA ALVAREZ.pdf,JHOAN
LUZ MARINA ZAPATA ALVAREZ,Mayo,43095100,\\SRV-CONTAB\Servidor de Archivos\2025 SERVIDOR\RUT\LUZ MARINA ZAPATA ALVAREZ.pdf,JHOAN
LUZ MARINA ZAPATA ALVAREZ,Junio,43095100,\\SRV-CONTAB\Servidor de Archivos\2025 SERVIDOR\RUT\LUZ MARINA ZAPATA ALVAREZ.pdf,JHOAN
LUZ MARINA ZAPATA ALVAREZ,Julio,43095100,\\SRV-CONTAB\Servidor de Archivos\2025 SERVIDOR\RUT\LUZ MARINA ZAPATA ALVAREZ.pdf,JHOAN
LUZ MARINA ZAPATA ALVAREZ,Agosto,43095100,\\SRV-CONTAB\Servidor de Archivos\2025 SERVIDOR\RUT\LUZ MARINA ZAPATA ALVAREZ.pdf,JHOAN
LUZ MARINA ZAPATA ALVAREZ,Septiembre,43095100,\\SRV-CONTAB\Servidor de Archivos\2025 SERVIDOR\RUT\LUZ MARINA ZAPATA ALVAREZ.pdf,JHOAN
LUZ MARINA ZAPATA ALVAREZ,Octubre,43095100,\\SRV-CONTAB\Servidor de Archivos\2025 SERVIDOR\RUT\LUZ MARINA ZAPATA ALVAREZ.pdf,JHOAN
LUZ MARINA ZAPATA ALVAREZ,Noviembre,43095100,\\SRV-CONTAB\Servidor de Archivos\2025 SERVIDOR\RUT\LUZ MARINA ZAPATA ALVAREZ.pdf,JHOAN
LUZ MARINA ZAPATA ALVAREZ,Diciembre,43095100,\\SRV-CONTAB\Servidor de Archivos\2025 SERVIDOR\RUT\LUZ MARINA ZAPATA ALVAREZ.pdf,JHOAN
PEDRO NEL SERNA RAMIREZ,Enero,71583910,..\..\..\RUT\PEDRO NEL SERNA RAMIREZ.pdf,JUANA
PEDRO NEL SERNA RAMIREZ,Febrero,71583910,..\..\..\RUT\PEDRO NEL SERNA RAMIREZ.pdf,JUANA
PEDRO NEL SERNA RAMIREZ,Marzo,71583910,..\..\..\RUT\PEDRO NEL SERNA RAMIREZ.pdf,JUANA
PEDRO NEL SERNA RAMIREZ,Abril,71583910,..\..\..\RUT\PEDRO NEL SERNA RAMIREZ.pdf,JUANA
PEDRO NEL SERNA RAMIREZ,Mayo,71583910,..\..\..\RUT\PEDRO NEL SERNA RAMIREZ.pdf,JUANA
PEDRO NEL SERNA RAMIREZ,Junio,71583910,..\..\..\RUT\PEDRO NEL SERNA RAMIREZ.pdf,JUANA
PEDRO NEL SERNA RAMIREZ,Julio,71583910,..\..\..\RUT\PEDRO NEL SERNA RAMIREZ.pdf,JUANA
PEDRO NEL SERNA RAMIREZ,Agosto,71583910,..\..\..\RUT\PEDRO NEL SERNA RAMIREZ.pdf,JUANA
PEDRO NEL SERNA RAMIREZ,Septiembre,71583910,..\..\..\RUT\PEDRO NEL SERNA RAMIREZ.pdf,JUANA
PEDRO NEL SERNA RAMIREZ,Octubre,71583910,..\..\..\RUT\PEDRO NEL SERNA RAMIREZ.pdf,JUANA
PEDRO NEL SERNA RAMIREZ,Noviembre,71583910,..\..\..\RUT\PEDRO NEL SERNA RAMIREZ.pdf,JUANA
PEDRO NEL SERNA RAMIREZ,Diciembre,71583910,..\..\..\RUT\PEDRO NEL SERNA RAMIREZ.pdf,JUANA
LUZ ESTRELLA AGUDELO RENDON,Enero,1039447101,..\..\..\RUT\LUZ ESTRELLA AGUDELO RENDON.pdf,JUANA
LUZ ESTRELLA AGUDELO RENDON,Febrero,1039447101,..\..\..\RUT\LUZ ESTRELLA AGUDELO RENDON.pdf,JUANA
LUZ ESTRELLA AGUDELO RENDON,Marzo,1039447101,..\..\..\RUT\LUZ ESTRELLA AGUDELO RENDON.pdf,JUANA
LUZ ESTRELLA AGUDELO RENDON,Abril,1039447101,..\..\..\RUT\LUZ ESTRELLA AGUDELO RENDON.pdf,JUANA
LUZ ESTRELLA AGUDELO RENDON,Mayo,1039447101,..\..\..\RUT\LUZ ESTRELLA AGUDELO RENDON.pdf,JUANA
LUZ ESTRELLA AGUDELO RENDON,Junio,1039447101,..\..\..\RUT\LUZ ESTRELLA AGUDELO RENDON.pdf,JUANA
LUZ ESTRELLA AGUDELO RENDON,Julio,1039447101,..\..\..\RUT\LUZ ESTRELLA AGUDELO RENDON.pdf,JUANA
LUZ ESTRELLA AGUDELO RENDON,Agosto,1039447101,..\..\..\RUT\LUZ ESTRELLA AGUDELO RENDON.pdf,JUANA
LUZ ESTRELLA AGUDELO RENDON,Septiembre,1039447101,..\..\..\RUT\LUZ ESTRELLA AGUDELO RENDON.pdf,JUANA
LUZ ESTRELLA AGUDELO RENDON,Octubre,1039447101,..\..\..\RUT\LUZ ESTRELLA AGUDELO RENDON.pdf,JUANA
LUZ ESTRELLA AGUDELO RENDON,Noviembre,1039447101,..\..\..\RUT\LUZ ESTRELLA AGUDELO RENDON.pdf,JUANA
LUZ ESTRELLA AGUDELO RENDON,Diciembre,1039447101,..\..\..\RUT\LUZ ESTRELLA AGUDELO RENDON.pdf,JUANA
SURTIOFERTAS COLOMBIA S.A.S,Enero,901386612,..\..\..\RUT\SURTIOFERTAS COLOMBIA SAS.pdf,JUANA
SURTIOFERTAS COLOMBIA S.A.S,Febrero,901386612,..\..\..\RUT\SURTIOFERTAS COLOMBIA SAS.pdf,JUANA
SURTIOFERTAS COLOMBIA S.A.S,Marzo,901386612,..\..\..\RUT\SURTIOFERTAS COLOMBIA SAS.pdf,JUANA
SURTIOFERTAS COLOMBIA S.A.S,Abril,901386612,..\..\..\RUT\SURTIOFERTAS COLOMBIA SAS.pdf,JUANA
SURTIOFERTAS COLOMBIA S.A.S,Mayo,901386612,..\..\..\RUT\SURTIOFERTAS COLOMBIA SAS.pdf,JUANA
SURTIOFERTAS COLOMBIA S.A.S,Junio,901386612,..\..\..\RUT\SURTIOFERTAS COLOMBIA SAS.pdf,JUANA
SURTIOFERTAS COLOMBIA S.A.S,Julio,901386612,..\..\..\RUT\SURTIOFERTAS COLOMBIA SAS.pdf,JUANA
SURTIOFERTAS COLOMBIA S.A.S,Agosto,901386612,..\..\..\RUT\SURTIOFERTAS COLOMBIA SAS.pdf,JUANA
SURTIOFERTAS COLOMBIA S.A.S,Septiembre,901386612,..\..\..\RUT\SURTIOFERTAS COLOMBIA SAS.pdf,JUANA
SURTIOFERTAS COLOMBIA S.A.S,Octubre,901386612,..\..\..\RUT\SURTIOFERTAS COLOMBIA SAS.pdf,JUANA
SURTIOFERTAS COLOMBIA S.A.S,Noviembre,901386612,..\..\..\RUT\SURTIOFERTAS COLOMBIA SAS.pdf,JUANA
SURTIOFERTAS COLOMBIA S.A.S,Diciembre,901386612,..\..\..\RUT\SURTIOFERTAS COLOMBIA SAS.pdf,JUANA
DIANA MILENA GALLEGO FERNANDEZ,Enero,39428306,..\..\..\RUT\DIANA MILENA GALLEGO FERNANDEZ.pdf,JUANA
DIANA MILENA GALLEGO FERNANDEZ,Febrero,39428306,..\..\..\RUT\DIANA MILENA GALLEGO FERNANDEZ.pdf,JUANA
DIANA MILENA GALLEGO FERNANDEZ,Marzo,39428306,..\..\..\RUT\DIANA MILENA GALLEGO FERNANDEZ.pdf,JUANA
DIANA MILENA GALLEGO FERNANDEZ,Abril,39428306,..\..\..\RUT\DIANA MILENA GALLEGO FERNANDEZ.pdf,JUANA
DIANA MILENA GALLEGO FERNANDEZ,Mayo,39428306,..\..\..\RUT\DIANA MILENA GALLEGO FERNANDEZ.pdf,JUANA
DIANA MILENA GALLEGO FERNANDEZ,Junio,39428306,..\..\..\RUT\DIANA MILENA GALLEGO FERNANDEZ.pdf,JUANA
DIANA MILENA GALLEGO FERNANDEZ,Julio,39428306,..\..\..\RUT\DIANA MILENA GALLEGO FERNANDEZ.pdf,JUANA
DIANA MILENA GALLEGO FERNANDEZ,Agosto,39428306,..\..\..\RUT\DIANA MILENA GALLEGO FERNANDEZ.pdf,JUANA
DIANA MILENA GALLEGO FERNANDEZ,Septiembre,39428306,..\..\..\RUT\DIANA MILENA GALLEGO FERNANDEZ.pdf,JUANA
DIANA MILENA GALLEGO FERNANDEZ,Octubre,39428306,..\..\..\RUT\DIANA MILENA GALLEGO FERNANDEZ.pdf,JUANA
DIANA MILENA GALLEGO FERNANDEZ,Noviembre,39428306,..\..\..\RUT\DIANA MILENA GALLEGO FERNANDEZ.pdf,JUANA
DIANA MILENA GALLEGO FERNANDEZ,Diciembre,39428306,..\..\..\RUT\DIANA MILENA GALLEGO FERNANDEZ.pdf,JUANA
GRUPO STAR MOVIL SAS,Enero,901936788,..\..\..\RUT\GRUPO STAR MOVIL SAS.pdf,JUANA
GRUPO STAR MOVIL SAS,Febrero,901936788,..\..\..\RUT\GRUPO STAR MOVIL SAS.pdf,JUANA
GRUPO STAR MOVIL SAS,Marzo,901936788,..\..\..\RUT\GRUPO STAR MOVIL SAS.pdf,JUANA
GRUPO STAR MOVIL SAS,Abril,901936788,..\..\..\RUT\GRUPO STAR MOVIL SAS.pdf,JUANA
GRUPO STAR MOVIL SAS,Mayo,901936788,..\..\..\RUT\GRUPO STAR MOVIL SAS.pdf,JUANA
GRUPO STAR MOVIL SAS,Junio,901936788,..\..\..\RUT\GRUPO STAR MOVIL SAS.pdf,JUANA
GRUPO STAR MOVIL SAS,Julio,901936788,..\..\..\RUT\GRUPO STAR MOVIL SAS.pdf,JUANA
GRUPO STAR MOVIL SAS,Agosto,901936788,..\..\..\RUT\GRUPO STAR MOVIL SAS.pdf,JUANA
GRUPO STAR MOVIL SAS,Septiembre,901936788,..\..\..\RUT\GRUPO STAR MOVIL SAS.pdf,JUANA
GRUPO STAR MOVIL SAS,Octubre,901936788,..\..\..\RUT\GRUPO STAR MOVIL SAS.pdf,JUANA
GRUPO STAR MOVIL SAS,Noviembre,901936788,..\..\..\RUT\GRUPO STAR MOVIL SAS.pdf,JUANA
GRUPO STAR MOVIL SAS,Diciembre,901936788,..\..\..\RUT\GRUPO STAR MOVIL SAS.pdf,JUANA
DISTRIBUIDORA DE FRUTAS EL COSECHERO S.A.S.,Enero,901275700,\\srv-contab\Servidor de Archivos\2025 SERVIDOR\RUT\DISTRIBUIDORA DE FRUTAS EL COSECHERO S.A.S..pdf,NATALIA
DISTRIBUIDORA DE FRUTAS EL COSECHERO S.A.S.,Febrero,901275700,\\srv-contab\Servidor de Archivos\2025 SERVIDOR\RUT\DISTRIBUIDORA DE FRUTAS EL COSECHERO S.A.S..pdf,NATALIA
DISTRIBUIDORA DE FRUTAS EL COSECHERO S.A.S.,Marzo,901275700,\\srv-contab\Servidor de Archivos\2025 SERVIDOR\RUT\DISTRIBUIDORA DE FRUTAS EL COSECHERO S.A.S..pdf,NATALIA
DISTRIBUIDORA DE FRUTAS EL COSECHERO S.A.S.,Abril,901275700,\\srv-contab\Servidor de Archivos\2025 SERVIDOR\RUT\DISTRIBUIDORA DE FRUTAS EL COSECHERO S.A.S..pdf,NATALIA
DISTRIBUIDORA DE FRUTAS EL COSECHERO S.A.S.,Mayo,901275700,\\srv-contab\Servidor de Archivos\2025 SERVIDOR\RUT\DISTRIBUIDORA DE FRUTAS EL COSECHERO S.A.S..pdf,NATALIA
DISTRIBUIDORA DE FRUTAS EL COSECHERO S.A.S.,Junio,901275700,\\srv-contab\Servidor de Archivos\2025 SERVIDOR\RUT\DISTRIBUIDORA DE FRUTAS EL COSECHERO S.A.S..pdf,NATALIA
DISTRIBUIDORA DE FRUTAS EL COSECHERO S.A.S.,Julio,901275700,\\srv-contab\Servidor de Archivos\2025 SERVIDOR\RUT\DISTRIBUIDORA DE FRUTAS EL COSECHERO S.A.S..pdf,NATALIA
DISTRIBUIDORA DE FRUTAS EL COSECHERO S.A.S.,Agosto,901275700,\\srv-contab\Servidor de Archivos\2025 SERVIDOR\RUT\DISTRIBUIDORA DE FRUTAS EL COSECHERO S.A.S..pdf,NATALIA
DISTRIBUIDORA DE FRUTAS EL COSECHERO S.A.S.,Septiembre,901275700,\\srv-contab\Servidor de Archivos\2025 SERVIDOR\RUT\DISTRIBUIDORA DE FRUTAS EL COSECHERO S.A.S..pdf,NATALIA
DISTRIBUIDORA DE FRUTAS EL COSECHERO S.A.S.,Octubre,901275700,\\srv-contab\Servidor de Archivos\2025 SERVIDOR\RUT\DISTRIBUIDORA DE FRUTAS EL COSECHERO S.A.S..pdf,NATALIA
DISTRIBUIDORA DE FRUTAS EL COSECHERO S.A.S.,Noviembre,901275700,\\srv-contab\Servidor de Archivos\2025 SERVIDOR\RUT\DISTRIBUIDORA DE FRUTAS EL COSECHERO S.A.S..pdf,NATALIA
DISTRIBUIDORA DE FRUTAS EL COSECHERO S.A.S.,Diciembre,901275700,\\srv-contab\Servidor de Archivos\2025 SERVIDOR\RUT\DISTRIBUIDORA DE FRUTAS EL COSECHERO S.A.S..pdf,NATALIA
CRISTIAN ALEXANDER ARISTIZABAL ARISTIZABAL,Enero,1041203871,\\srv-contab\Servidor de Archivos\2025 SERVIDOR\RUT\CRISTIAN ALEXANDER ARISTIZABAL ARISTIZABAL.pdf,NATALIA
CRISTIAN ALEXANDER ARISTIZABAL ARISTIZABAL,Febrero,1041203871,\\srv-contab\Servidor de Archivos\2025 SERVIDOR\RUT\CRISTIAN ALEXANDER ARISTIZABAL ARISTIZABAL.pdf,NATALIA
CRISTIAN ALEXANDER ARISTIZABAL ARISTIZABAL,Marzo,1041203871,\\srv-contab\Servidor de Archivos\2025 SERVIDOR\RUT\CRISTIAN ALEXANDER ARISTIZABAL ARISTIZABAL.pdf,NATALIA
CRISTIAN ALEXANDER ARISTIZABAL ARISTIZABAL,Abril,1041203871,\\srv-contab\Servidor de Archivos\2025 SERVIDOR\RUT\CRISTIAN ALEXANDER ARISTIZABAL ARISTIZABAL.pdf,NATALIA
CRISTIAN ALEXANDER ARISTIZABAL ARISTIZABAL,Mayo,1041203871,\\srv-contab\Servidor de Archivos\2025 SERVIDOR\RUT\CRISTIAN ALEXANDER ARISTIZABAL ARISTIZABAL.pdf,NATALIA
CRISTIAN ALEXANDER ARISTIZABAL ARISTIZABAL,Junio,1041203871,\\srv-contab\Servidor de Archivos\2025 SERVIDOR\RUT\CRISTIAN ALEXANDER ARISTIZABAL ARISTIZABAL.pdf,NATALIA
CRISTIAN ALEXANDER ARISTIZABAL ARISTIZABAL,Julio,1041203871,\\srv-contab\Servidor de Archivos\2025 SERVIDOR\RUT\CRISTIAN ALEXANDER ARISTIZABAL ARISTIZABAL.pdf,NATALIA
CRISTIAN ALEXANDER ARISTIZABAL ARISTIZABAL,Agosto,1041203871,\\srv-contab\Servidor de Archivos\2025 SERVIDOR\RUT\CRISTIAN ALEXANDER ARISTIZABAL ARISTIZABAL.pdf,NATALIA
CRISTIAN ALEXANDER ARISTIZABAL ARISTIZABAL,Septiembre,1041203871,\\srv-contab\Servidor de Archivos\2025 SERVIDOR\RUT\CRISTIAN ALEXANDER ARISTIZABAL ARISTIZABAL.pdf,NATALIA
CRISTIAN ALEXANDER ARISTIZABAL ARISTIZABAL,Octubre,1041203871,\\srv-contab\Servidor de Archivos\2025 SERVIDOR\RUT\CRISTIAN ALEXANDER ARISTIZABAL ARISTIZABAL.pdf,NATALIA
CRISTIAN ALEXANDER ARISTIZABAL ARISTIZABAL,Noviembre,1041203871,\\srv-contab\Servidor de Archivos\2025 SERVIDOR\RUT\CRISTIAN ALEXANDER ARISTIZABAL ARISTIZABAL.pdf,NATALIA
CRISTIAN ALEXANDER ARISTIZABAL ARISTIZABAL,Diciembre,1041203871,\\srv-contab\Servidor de Archivos\2025 SERVIDOR\RUT\CRISTIAN ALEXANDER ARISTIZABAL ARISTIZABAL.pdf,NATALIA
CARLOS ALBERTO SEPULVEDA SANCHEZ,Enero,71378701,\\srv-contab\Servidor de Archivos\2025 SERVIDOR\RUT\CARLOS ALBERTO SEPULVEDA SANCHEZ.pdf,NATALIA
CARLOS ALBERTO SEPULVEDA SANCHEZ,Febrero,71378701,\\srv-contab\Servidor de Archivos\2025 SERVIDOR\RUT\CARLOS ALBERTO SEPULVEDA SANCHEZ.pdf,NATALIA
CARLOS ALBERTO SEPULVEDA SANCHEZ,Marzo,71378701,\\srv-contab\Servidor de Archivos\2025 SERVIDOR\RUT\CARLOS ALBERTO SEPULVEDA SANCHEZ.pdf,NATALIA
CARLOS ALBERTO SEPULVEDA SANCHEZ,Abril,71378701,\\srv-contab\Servidor de Archivos\2025 SERVIDOR\RUT\CARLOS ALBERTO SEPULVEDA SANCHEZ.pdf,NATALIA
CARLOS ALBERTO SEPULVEDA SANCHEZ,Mayo,71378701,\\srv-contab\Servidor de Archivos\2025 SERVIDOR\RUT\CARLOS ALBERTO SEPULVEDA SANCHEZ.pdf,NATALIA
CARLOS ALBERTO SEPULVEDA SANCHEZ,Junio,71378701,\\srv-contab\Servidor de Archivos\2025 SERVIDOR\RUT\CARLOS ALBERTO SEPULVEDA SANCHEZ.pdf,NATALIA
CARLOS ALBERTO SEPULVEDA SANCHEZ,Julio,71378701,\\srv-contab\Servidor de Archivos\2025 SERVIDOR\RUT\CARLOS ALBERTO SEPULVEDA SANCHEZ.pdf,NATALIA
CARLOS ALBERTO SEPULVEDA SANCHEZ,Agosto,71378701,\\srv-contab\Servidor de Archivos\2025 SERVIDOR\RUT\CARLOS ALBERTO SEPULVEDA SANCHEZ.pdf,NATALIA
CARLOS ALBERTO SEPULVEDA SANCHEZ,Septiembre,71378701,\\srv-contab\Servidor de Archivos\2025 SERVIDOR\RUT\CARLOS ALBERTO SEPULVEDA SANCHEZ.pdf,NATALIA
CARLOS ALBERTO SEPULVEDA SANCHEZ,Octubre,71378701,\\srv-contab\Servidor de Archivos\2025 SERVIDOR\RUT\CARLOS ALBERTO SEPULVEDA SANCHEZ.pdf,NATALIA
CARLOS ALBERTO SEPULVEDA SANCHEZ,Noviembre,71378701,\\srv-contab\Servidor de Archivos\2025 SERVIDOR\RUT\CARLOS ALBERTO SEPULVEDA SANCHEZ.pdf,NATALIA
CARLOS ALBERTO SEPULVEDA SANCHEZ,Diciembre,71378701,\\srv-contab\Servidor de Archivos\2025 SERVIDOR\RUT\CARLOS ALBERTO SEPULVEDA SANCHEZ.pdf,NATALIA
ANDRES FELIPE DUQUE GIRALDO,Enero,1045023932,\\srv-contab\Servidor de Archivos\2025 SERVIDOR\RUT\ANDRES FELIPE DUQUE GIRALDO.pdf,NATALIA
ANDRES FELIPE DUQUE GIRALDO,Febrero,1045023932,\\srv-contab\Servidor de Archivos\2025 SERVIDOR\RUT\ANDRES FELIPE DUQUE GIRALDO.pdf,NATALIA
ANDRES FELIPE DUQUE GIRALDO,Marzo,1045023932,\\srv-contab\Servidor de Archivos\2025 SERVIDOR\RUT\ANDRES FELIPE DUQUE GIRALDO.pdf,NATALIA
ANDRES FELIPE DUQUE GIRALDO,Abril,1045023932,\\srv-contab\Servidor de Archivos\2025 SERVIDOR\RUT\ANDRES FELIPE DUQUE GIRALDO.pdf,NATALIA
ANDRES FELIPE DUQUE GIRALDO,Mayo,1045023932,\\srv-contab\Servidor de Archivos\2025 SERVIDOR\RUT\ANDRES FELIPE DUQUE GIRALDO.pdf,NATALIA
ANDRES FELIPE DUQUE GIRALDO,Junio,1045023932,\\srv-contab\Servidor de Archivos\2025 SERVIDOR\RUT\ANDRES FELIPE DUQUE GIRALDO.pdf,NATALIA
ANDRES FELIPE DUQUE GIRALDO,Julio,1045023932,\\srv-contab\Servidor de Archivos\2025 SERVIDOR\RUT\ANDRES FELIPE DUQUE GIRALDO.pdf,NATALIA
ANDRES FELIPE DUQUE GIRALDO,Agosto,1045023932,\\srv-contab\Servidor de Archivos\2025 SERVIDOR\RUT\ANDRES FELIPE DUQUE GIRALDO.pdf,NATALIA
ANDRES FELIPE DUQUE GIRALDO,Septiembre,1045023932,\\srv-contab\Servidor de Archivos\2025 SERVIDOR\RUT\ANDRES FELIPE DUQUE GIRALDO.pdf,NATALIA
ANDRES FELIPE DUQUE GIRALDO,Octubre,1045023932,\\srv-contab\Servidor de Archivos\2025 SERVIDOR\RUT\ANDRES FELIPE DUQUE GIRALDO.pdf,NATALIA
ANDRES FELIPE DUQUE GIRALDO,Noviembre,1045023932,\\srv-contab\Servidor de Archivos\2025 SERVIDOR\RUT\ANDRES FELIPE DUQUE GIRALDO.pdf,NATALIA
ANDRES FELIPE DUQUE GIRALDO,Diciembre,1045023932,\\srv-contab\Servidor de Archivos\2025 SERVIDOR\RUT\ANDRES FELIPE DUQUE GIRALDO.pdf,NATALIA
JUAN GUILLERMO JIMENEZ NARANJO,Enero,72055972,\\srv-contab\Servidor de Archivos\2025 SERVIDOR\RUT\JUAN GUILLERMO JIMENEZ NARANJO.pdf,NATALIA
JUAN GUILLERMO JIMENEZ NARANJO,Febrero,72055972,\\srv-contab\Servidor de Archivos\2025 SERVIDOR\RUT\JUAN GUILLERMO JIMENEZ NARANJO.pdf,NATALIA
JUAN GUILLERMO JIMENEZ NARANJO,Marzo,72055972,\\srv-contab\Servidor de Archivos\2025 SERVIDOR\RUT\JUAN GUILLERMO JIMENEZ NARANJO.pdf,NATALIA
JUAN GUILLERMO JIMENEZ NARANJO,Abril,72055972,\\srv-contab\Servidor de Archivos\2025 SERVIDOR\RUT\JUAN GUILLERMO JIMENEZ NARANJO.pdf,NATALIA
JUAN GUILLERMO JIMENEZ NARANJO,Mayo,72055972,\\srv-contab\Servidor de Archivos\2025 SERVIDOR\RUT\JUAN GUILLERMO JIMENEZ NARANJO.pdf,NATALIA
JUAN GUILLERMO JIMENEZ NARANJO,Junio,72055972,\\srv-contab\Servidor de Archivos\2025 SERVIDOR\RUT\JUAN GUILLERMO JIMENEZ NARANJO.pdf,NATALIA
JUAN GUILLERMO JIMENEZ NARANJO,Julio,72055972,\\srv-contab\Servidor de Archivos\2025 SERVIDOR\RUT\JUAN GUILLERMO JIMENEZ NARANJO.pdf,NATALIA
JUAN GUILLERMO JIMENEZ NARANJO,Agosto,72055972,\\srv-contab\Servidor de Archivos\2025 SERVIDOR\RUT\JUAN GUILLERMO JIMENEZ NARANJO.pdf,NATALIA
JUAN GUILLERMO JIMENEZ NARANJO,Septiembre,72055972,\\srv-contab\Servidor de Archivos\2025 SERVIDOR\RUT\JUAN GUILLERMO JIMENEZ NARANJO.pdf,NATALIA
JUAN GUILLERMO JIMENEZ NARANJO,Octubre,72055972,\\srv-contab\Servidor de Archivos\2025 SERVIDOR\RUT\JUAN GUILLERMO JIMENEZ NARANJO.pdf,NATALIA
JUAN GUILLERMO JIMENEZ NARANJO,Noviembre,72055972,\\srv-contab\Servidor de Archivos\2025 SERVIDOR\RUT\JUAN GUILLERMO JIMENEZ NARANJO.pdf,NATALIA
JUAN GUILLERMO JIMENEZ NARANJO,Diciembre,72055972,\\srv-contab\Servidor de Archivos\2025 SERVIDOR\RUT\JUAN GUILLERMO JIMENEZ NARANJO.pdf,NATALIA
HUGO DANIEL VASQUEZ BOTERO,Enero,70696172,\\srv-contab\Servidor de Archivos\2025 SERVIDOR\RUT\HUGO DANIEL VASQUEZ BOTERO.pdf,NATALIA
HUGO DANIEL VASQUEZ BOTERO,Febrero,70696172,\\srv-contab\Servidor de Archivos\2025 SERVIDOR\RUT\HUGO DANIEL VASQUEZ BOTERO.pdf,NATALIA
HUGO DANIEL VASQUEZ BOTERO,Marzo,70696172,\\srv-contab\Servidor de Archivos\2025 SERVIDOR\RUT\HUGO DANIEL VASQUEZ BOTERO.pdf,NATALIA
HUGO DANIEL VASQUEZ BOTERO,Abril,70696172,\\srv-contab\Servidor de Archivos\2025 SERVIDOR\RUT\HUGO DANIEL VASQUEZ BOTERO.pdf,NATALIA
HUGO DANIEL VASQUEZ BOTERO,Mayo,70696172,\\srv-contab\Servidor de Archivos\2025 SERVIDOR\RUT\HUGO DANIEL VASQUEZ BOTERO.pdf,NATALIA
HUGO DANIEL VASQUEZ BOTERO,Junio,70696172,\\srv-contab\Servidor de Archivos\2025 SERVIDOR\RUT\HUGO DANIEL VASQUEZ BOTERO.pdf,NATALIA
HUGO DANIEL VASQUEZ BOTERO,Julio,70696172,\\srv-contab\Servidor de Archivos\2025 SERVIDOR\RUT\HUGO DANIEL VASQUEZ BOTERO.pdf,NATALIA
HUGO DANIEL VASQUEZ BOTERO,Agosto,70696172,\\srv-contab\Servidor de Archivos\2025 SERVIDOR\RUT\HUGO DANIEL VASQUEZ BOTERO.pdf,NATALIA
HUGO DANIEL VASQUEZ BOTERO,Septiembre,70696172,\\srv-contab\Servidor de Archivos\2025 SERVIDOR\RUT\HUGO DANIEL VASQUEZ BOTERO.pdf,NATALIA
HUGO DANIEL VASQUEZ BOTERO,Octubre,70696172,\\srv-contab\Servidor de Archivos\2025 SERVIDOR\RUT\HUGO DANIEL VASQUEZ BOTERO.pdf,NATALIA
HUGO DANIEL VASQUEZ BOTERO,Noviembre,70696172,\\srv-contab\Servidor de Archivos\2025 SERVIDOR\RUT\HUGO DANIEL VASQUEZ BOTERO.pdf,NATALIA
HUGO DANIEL VASQUEZ BOTERO,Diciembre,70696172,\\srv-contab\Servidor de Archivos\2025 SERVIDOR\RUT\HUGO DANIEL VASQUEZ BOTERO.pdf,NATALIA
YEISON DAVID GIRALDO DUQUE,Enero,1090449953,\\srv-contab\Servidor de Archivos\2025 SERVIDOR\RUT\YEISON DAVID GIRALDO DUQUE.pdf,NATALIA
YEISON DAVID GIRALDO DUQUE,Febrero,1090449953,\\srv-contab\Servidor de Archivos\2025 SERVIDOR\RUT\YEISON DAVID GIRALDO DUQUE.pdf,NATALIA
YEISON DAVID GIRALDO DUQUE,Marzo,1090449953,\\srv-contab\Servidor de Archivos\2025 SERVIDOR\RUT\YEISON DAVID GIRALDO DUQUE.pdf,NATALIA
YEISON DAVID GIRALDO DUQUE,Abril,1090449953,\\srv-contab\Servidor de Archivos\2025 SERVIDOR\RUT\YEISON DAVID GIRALDO DUQUE.pdf,NATALIA
YEISON DAVID GIRALDO DUQUE,Mayo,1090449953,\\srv-contab\Servidor de Archivos\2025 SERVIDOR\RUT\YEISON DAVID GIRALDO DUQUE.pdf,NATALIA
YEISON DAVID GIRALDO DUQUE,Junio,1090449953,\\srv-contab\Servidor de Archivos\2025 SERVIDOR\RUT\YEISON DAVID GIRALDO DUQUE.pdf,NATALIA
YEISON DAVID GIRALDO DUQUE,Julio,1090449953,\\srv-contab\Servidor de Archivos\2025 SERVIDOR\RUT\YEISON DAVID GIRALDO DUQUE.pdf,NATALIA
YEISON DAVID GIRALDO DUQUE,Agosto,1090449953,\\srv-contab\Servidor de Archivos\2025 SERVIDOR\RUT\YEISON DAVID GIRALDO DUQUE.pdf,NATALIA
YEISON DAVID GIRALDO DUQUE,Septiembre,1090449953,\\srv-contab\Servidor de Archivos\2025 SERVIDOR\RUT\YEISON DAVID GIRALDO DUQUE.pdf,NATALIA
YEISON DAVID GIRALDO DUQUE,Octubre,1090449953,\\srv-contab\Servidor de Archivos\2025 SERVIDOR\RUT\YEISON DAVID GIRALDO DUQUE.pdf,NATALIA
YEISON DAVID GIRALDO DUQUE,Noviembre,1090449953,\\srv-contab\Servidor de Archivos\2025 SERVIDOR\RUT\YEISON DAVID GIRALDO DUQUE.pdf,NATALIA
YEISON DAVID GIRALDO DUQUE,Diciembre,1090449953,\\srv-contab\Servidor de Archivos\2025 SERVIDOR\RUT\YEISON DAVID GIRALDO DUQUE.pdf,NATALIA
CARLOS MARIO DUQUE (JAIRITO),Enero,1045019163,\\srv-contab\Servidor de Archivos\2025 SERVIDOR\RUT\CARLOS MARIO DUQUE.pdf,NATALIA
CARLOS MARIO DUQUE (JAIRITO),Febrero,1045019163,\\srv-contab\Servidor de Archivos\2025 SERVIDOR\RUT\CARLOS MARIO DUQUE.pdf,NATALIA
CARLOS MARIO DUQUE (JAIRITO),Marzo,1045019163,\\srv-contab\Servidor de Archivos\2025 SERVIDOR\RUT\CARLOS MARIO DUQUE.pdf,NATALIA
CARLOS MARIO DUQUE (JAIRITO),Abril,1045019163,\\srv-contab\Servidor de Archivos\2025 SERVIDOR\RUT\CARLOS MARIO DUQUE.pdf,NATALIA
CARLOS MARIO DUQUE (JAIRITO),Mayo,1045019163,\\srv-contab\Servidor de Archivos\2025 SERVIDOR\RUT\CARLOS MARIO DUQUE.pdf,NATALIA
CARLOS MARIO DUQUE (JAIRITO),Junio,1045019163,\\srv-contab\Servidor de Archivos\2025 SERVIDOR\RUT\CARLOS MARIO DUQUE.pdf,NATALIA
CARLOS MARIO DUQUE (JAIRITO),Julio,1045019163,\\srv-contab\Servidor de Archivos\2025 SERVIDOR\RUT\CARLOS MARIO DUQUE.pdf,NATALIA
CARLOS MARIO DUQUE (JAIRITO),Agosto,1045019163,\\srv-contab\Servidor de Archivos\2025 SERVIDOR\RUT\CARLOS MARIO DUQUE.pdf,NATALIA
CARLOS MARIO DUQUE (JAIRITO),Septiembre,1045019163,\\srv-contab\Servidor de Archivos\2025 SERVIDOR\RUT\CARLOS MARIO DUQUE.pdf,NATALIA
CARLOS MARIO DUQUE (JAIRITO),Octubre,1045019163,\\srv-contab\Servidor de Archivos\2025 SERVIDOR\RUT\CARLOS MARIO DUQUE.pdf,NATALIA
CARLOS MARIO DUQUE (JAIRITO),Noviembre,1045019163,\\srv-contab\Servidor de Archivos\2025 SERVIDOR\RUT\CARLOS MARIO DUQUE.pdf,NATALIA
CARLOS MARIO DUQUE (JAIRITO),Diciembre,1045019163,\\srv-contab\Servidor de Archivos\2025 SERVIDOR\RUT\CARLOS MARIO DUQUE.pdf,NATALIA
EDWIN DE JESUS ARISTIZABAL ARISTIZABAL,Enero,1041203164,\\srv-contab\Servidor de Archivos\2025 SERVIDOR\RUT\EDWIN DE JESUS ARISTIZABAL ARISTIZABAL.pdf,NATALIA
EDWIN DE JESUS ARISTIZABAL ARISTIZABAL,Febrero,1041203164,\\srv-contab\Servidor de Archivos\2025 SERVIDOR\RUT\EDWIN DE JESUS ARISTIZABAL ARISTIZABAL.pdf,NATALIA
EDWIN DE JESUS ARISTIZABAL ARISTIZABAL,Marzo,1041203164,\\srv-contab\Servidor de Archivos\2025 SERVIDOR\RUT\EDWIN DE JESUS ARISTIZABAL ARISTIZABAL.pdf,NATALIA
EDWIN DE JESUS ARISTIZABAL ARISTIZABAL,Abril,1041203164,\\srv-contab\Servidor de Archivos\2025 SERVIDOR\RUT\EDWIN DE JESUS ARISTIZABAL ARISTIZABAL.pdf,NATALIA
EDWIN DE JESUS ARISTIZABAL ARISTIZABAL,Mayo,1041203164,\\srv-contab\Servidor de Archivos\2025 SERVIDOR\RUT\EDWIN DE JESUS ARISTIZABAL ARISTIZABAL.pdf,NATALIA
EDWIN DE JESUS ARISTIZABAL ARISTIZABAL,Junio,1041203164,\\srv-contab\Servidor de Archivos\2025 SERVIDOR\RUT\EDWIN DE JESUS ARISTIZABAL ARISTIZABAL.pdf,NATALIA
EDWIN DE JESUS ARISTIZABAL ARISTIZABAL,Julio,1041203164,\\srv-contab\Servidor de Archivos\2025 SERVIDOR\RUT\EDWIN DE JESUS ARISTIZABAL ARISTIZABAL.pdf,NATALIA
EDWIN DE JESUS ARISTIZABAL ARISTIZABAL,Agosto,1041203164,\\srv-contab\Servidor de Archivos\2025 SERVIDOR\RUT\EDWIN DE JESUS ARISTIZABAL ARISTIZABAL.pdf,NATALIA
EDWIN DE JESUS ARISTIZABAL ARISTIZABAL,Septiembre,1041203164,\\srv-contab\Servidor de Archivos\2025 SERVIDOR\RUT\EDWIN DE JESUS ARISTIZABAL ARISTIZABAL.pdf,NATALIA
EDWIN DE JESUS ARISTIZABAL ARISTIZABAL,Octubre,1041203164,\\srv-contab\Servidor de Archivos\2025 SERVIDOR\RUT\EDWIN DE JESUS ARISTIZABAL ARISTIZABAL.pdf,NATALIA
EDWIN DE JESUS ARISTIZABAL ARISTIZABAL,Noviembre,1041203164,\\srv-contab\Servidor de Archivos\2025 SERVIDOR\RUT\EDWIN DE JESUS ARISTIZABAL ARISTIZABAL.pdf,NATALIA
EDWIN DE JESUS ARISTIZABAL ARISTIZABAL,Diciembre,1041203164,\\srv-contab\Servidor de Archivos\2025 SERVIDOR\RUT\EDWIN DE JESUS ARISTIZABAL ARISTIZABAL.pdf,NATALIA
ASTRID ANDREA ALZATE BEDOYA,Enero,30413335,\\srv-contab\Servidor de Archivos\2025 SERVIDOR\RUT\ASTRID ANDREA ALZATE BEDOYA 28.pdf,NATALIA
ASTRID ANDREA ALZATE BEDOYA,Febrero,30413335,\\srv-contab\Servidor de Archivos\2025 SERVIDOR\RUT\ASTRID ANDREA ALZATE BEDOYA 28.pdf,NATALIA
ASTRID ANDREA ALZATE BEDOYA,Marzo,30413335,\\srv-contab\Servidor de Archivos\2025 SERVIDOR\RUT\ASTRID ANDREA ALZATE BEDOYA 28.pdf,NATALIA
ASTRID ANDREA ALZATE BEDOYA,Abril,30413335,\\srv-contab\Servidor de Archivos\2025 SERVIDOR\RUT\ASTRID ANDREA ALZATE BEDOYA 28.pdf,NATALIA
ASTRID ANDREA ALZATE BEDOYA,Mayo,30413335,\\srv-contab\Servidor de Archivos\2025 SERVIDOR\RUT\ASTRID ANDREA ALZATE BEDOYA 28.pdf,NATALIA
ASTRID ANDREA ALZATE BEDOYA,Junio,30413335,\\srv-contab\Servidor de Archivos\2025 SERVIDOR\RUT\ASTRID ANDREA ALZATE BEDOYA 28.pdf,NATALIA
ASTRID ANDREA ALZATE BEDOYA,Julio,30413335,\\srv-contab\Servidor de Archivos\2025 SERVIDOR\RUT\ASTRID ANDREA ALZATE BEDOYA 28.pdf,NATALIA
ASTRID ANDREA ALZATE BEDOYA,Agosto,30413335,\\srv-contab\Servidor de Archivos\2025 SERVIDOR\RUT\ASTRID ANDREA ALZATE BEDOYA 28.pdf,NATALIA
ASTRID ANDREA ALZATE BEDOYA,Septiembre,30413335,\\srv-contab\Servidor de Archivos\2025 SERVIDOR\RUT\ASTRID ANDREA ALZATE BEDOYA 28.pdf,NATALIA
ASTRID ANDREA ALZATE BEDOYA,Octubre,30413335,\\srv-contab\Servidor de Archivos\2025 SERVIDOR\RUT\ASTRID ANDREA ALZATE BEDOYA 28.pdf,NATALIA
ASTRID ANDREA ALZATE BEDOYA,Noviembre,30413335,\\srv-contab\Servidor de Archivos\2025 SERVIDOR\RUT\ASTRID ANDREA ALZATE BEDOYA 28.pdf,NATALIA
ASTRID ANDREA ALZATE BEDOYA,Diciembre,30413335,\\srv-contab\Servidor de Archivos\2025 SERVIDOR\RUT\ASTRID ANDREA ALZATE BEDOYA 28.pdf,NATALIA
JESUS ALEJANDRO GIRALDO URREA,Enero,1152700427,\\srv-contab\Servidor de Archivos\2025 SERVIDOR\RUT\JESUS ALEJANDRO GIRALDO URREA.pdf,NATALIA
JESUS ALEJANDRO GIRALDO URREA,Febrero,1152700427,\\srv-contab\Servidor de Archivos\2025 SERVIDOR\RUT\JESUS ALEJANDRO GIRALDO URREA.pdf,NATALIA
JESUS ALEJANDRO GIRALDO URREA,Marzo,1152700427,\\srv-contab\Servidor de Archivos\2025 SERVIDOR\RUT\JESUS ALEJANDRO GIRALDO URREA.pdf,NATALIA
JESUS ALEJANDRO GIRALDO URREA,Abril,1152700427,\\srv-contab\Servidor de Archivos\2025 SERVIDOR\RUT\JESUS ALEJANDRO GIRALDO URREA.pdf,NATALIA
JESUS ALEJANDRO GIRALDO URREA,Mayo,1152700427,\\srv-contab\Servidor de Archivos\2025 SERVIDOR\RUT\JESUS ALEJANDRO GIRALDO URREA.pdf,NATALIA
JESUS ALEJANDRO GIRALDO URREA,Junio,1152700427,\\srv-contab\Servidor de Archivos\2025 SERVIDOR\RUT\JESUS ALEJANDRO GIRALDO URREA.pdf,NATALIA
JESUS ALEJANDRO GIRALDO URREA,Julio,1152700427,\\srv-contab\Servidor de Archivos\2025 SERVIDOR\RUT\JESUS ALEJANDRO GIRALDO URREA.pdf,NATALIA
JESUS ALEJANDRO GIRALDO URREA,Agosto,1152700427,\\srv-contab\Servidor de Archivos\2025 SERVIDOR\RUT\JESUS ALEJANDRO GIRALDO URREA.pdf,NATALIA
JESUS ALEJANDRO GIRALDO URREA,Septiembre,1152700427,\\srv-contab\Servidor de Archivos\2025 SERVIDOR\RUT\JESUS ALEJANDRO GIRALDO URREA.pdf,NATALIA
JESUS ALEJANDRO GIRALDO URREA,Octubre,1152700427,\\srv-contab\Servidor de Archivos\2025 SERVIDOR\RUT\JESUS ALEJANDRO GIRALDO URREA.pdf,NATALIA
JESUS ALEJANDRO GIRALDO URREA,Noviembre,1152700427,\\srv-contab\Servidor de Archivos\2025 SERVIDOR\RUT\JESUS ALEJANDRO GIRALDO URREA.pdf,NATALIA
JESUS ALEJANDRO GIRALDO URREA,Diciembre,1152700427,\\srv-contab\Servidor de Archivos\2025 SERVIDOR\RUT\JESUS ALEJANDRO GIRALDO URREA.pdf,NATALIA
RODOLFO DE JESUS JIMENEZ NARANJO,Enero,1072189717,\\srv-contab\Servidor de Archivos\2025 SERVIDOR\RUT\RODOLFO DE  JESUS JIMENEZ NARANJO.pdf,NATALIA
RODOLFO DE JESUS JIMENEZ NARANJO,Febrero,1072189717,\\srv-contab\Servidor de Archivos\2025 SERVIDOR\RUT\RODOLFO DE  JESUS JIMENEZ NARANJO.pdf,NATALIA
RODOLFO DE JESUS JIMENEZ NARANJO,Marzo,1072189717,\\srv-contab\Servidor de Archivos\2025 SERVIDOR\RUT\RODOLFO DE  JESUS JIMENEZ NARANJO.pdf,NATALIA
RODOLFO DE JESUS JIMENEZ NARANJO,Abril,1072189717,\\srv-contab\Servidor de Archivos\2025 SERVIDOR\RUT\RODOLFO DE  JESUS JIMENEZ NARANJO.pdf,NATALIA
RODOLFO DE JESUS JIMENEZ NARANJO,Mayo,1072189717,\\srv-contab\Servidor de Archivos\2025 SERVIDOR\RUT\RODOLFO DE  JESUS JIMENEZ NARANJO.pdf,NATALIA
RODOLFO DE JESUS JIMENEZ NARANJO,Junio,1072189717,\\srv-contab\Servidor de Archivos\2025 SERVIDOR\RUT\RODOLFO DE  JESUS JIMENEZ NARANJO.pdf,NATALIA
RODOLFO DE JESUS JIMENEZ NARANJO,Julio,1072189717,\\srv-contab\Servidor de Archivos\2025 SERVIDOR\RUT\RODOLFO DE  JESUS JIMENEZ NARANJO.pdf,NATALIA
RODOLFO DE JESUS JIMENEZ NARANJO,Agosto,1072189717,\\srv-contab\Servidor de Archivos\2025 SERVIDOR\RUT\RODOLFO DE  JESUS JIMENEZ NARANJO.pdf,NATALIA
RODOLFO DE JESUS JIMENEZ NARANJO,Septiembre,1072189717,\\srv-contab\Servidor de Archivos\2025 SERVIDOR\RUT\RODOLFO DE  JESUS JIMENEZ NARANJO.pdf,NATALIA
RODOLFO DE JESUS JIMENEZ NARANJO,Octubre,1072189717,\\srv-contab\Servidor de Archivos\2025 SERVIDOR\RUT\RODOLFO DE  JESUS JIMENEZ NARANJO.pdf,NATALIA
RODOLFO DE JESUS JIMENEZ NARANJO,Noviembre,1072189717,\\srv-contab\Servidor de Archivos\2025 SERVIDOR\RUT\RODOLFO DE  JESUS JIMENEZ NARANJO.pdf,NATALIA
RODOLFO DE JESUS JIMENEZ NARANJO,Diciembre,1072189717,\\srv-contab\Servidor de Archivos\2025 SERVIDOR\RUT\RODOLFO DE  JESUS JIMENEZ NARANJO.pdf,NATALIA
VICTOR ANDRES GOMEZ GIRALDO,Enero,1045022367,\\srv-contab\Servidor de Archivos\2025 SERVIDOR\RUT\VICTOR ANDRES GOMEZ GIRALDO.pdf,NATALIA
VICTOR ANDRES GOMEZ GIRALDO,Febrero,1045022367,\\srv-contab\Servidor de Archivos\2025 SERVIDOR\RUT\VICTOR ANDRES GOMEZ GIRALDO.pdf,NATALIA
VICTOR ANDRES GOMEZ GIRALDO,Marzo,1045022367,\\srv-contab\Servidor de Archivos\2025 SERVIDOR\RUT\VICTOR ANDRES GOMEZ GIRALDO.pdf,NATALIA
VICTOR ANDRES GOMEZ GIRALDO,Abril,1045022367,\\srv-contab\Servidor de Archivos\2025 SERVIDOR\RUT\VICTOR ANDRES GOMEZ GIRALDO.pdf,NATALIA
VICTOR ANDRES GOMEZ GIRALDO,Mayo,1045022367,\\srv-contab\Servidor de Archivos\2025 SERVIDOR\RUT\VICTOR ANDRES GOMEZ GIRALDO.pdf,NATALIA
VICTOR ANDRES GOMEZ GIRALDO,Junio,1045022367,\\srv-contab\Servidor de Archivos\2025 SERVIDOR\RUT\VICTOR ANDRES GOMEZ GIRALDO.pdf,NATALIA
VICTOR ANDRES GOMEZ GIRALDO,Julio,1045022367,\\srv-contab\Servidor de Archivos\2025 SERVIDOR\RUT\VICTOR ANDRES GOMEZ GIRALDO.pdf,NATALIA
VICTOR ANDRES GOMEZ GIRALDO,Agosto,1045022367,\\srv-contab\Servidor de Archivos\2025 SERVIDOR\RUT\VICTOR ANDRES GOMEZ GIRALDO.pdf,NATALIA
VICTOR ANDRES GOMEZ GIRALDO,Septiembre,1045022367,\\srv-contab\Servidor de Archivos\2025 SERVIDOR\RUT\VICTOR ANDRES GOMEZ GIRALDO.pdf,NATALIA
VICTOR ANDRES GOMEZ GIRALDO,Octubre,1045022367,\\srv-contab\Servidor de Archivos\2025 SERVIDOR\RUT\VICTOR ANDRES GOMEZ GIRALDO.pdf,NATALIA
VICTOR ANDRES GOMEZ GIRALDO,Noviembre,1045022367,\\srv-contab\Servidor de Archivos\2025 SERVIDOR\RUT\VICTOR ANDRES GOMEZ GIRALDO.pdf,NATALIA
VICTOR ANDRES GOMEZ GIRALDO,Diciembre,1045022367,\\srv-contab\Servidor de Archivos\2025 SERVIDOR\RUT\VICTOR ANDRES GOMEZ GIRALDO.pdf,NATALIA
JUAN DIEGO DURANGO CARDONA (RST),Enero,98519787,\\srv-contab\Servidor de Archivos\2025 SERVIDOR\RUT\JUAN DIEGO DURANGO CARDONA.pdf,NATALIA
JUAN DIEGO DURANGO CARDONA (RST),Febrero,98519787,\\srv-contab\Servidor de Archivos\2025 SERVIDOR\RUT\JUAN DIEGO DURANGO CARDONA.pdf,NATALIA
JUAN DIEGO DURANGO CARDONA (RST),Marzo,98519787,\\srv-contab\Servidor de Archivos\2025 SERVIDOR\RUT\JUAN DIEGO DURANGO CARDONA.pdf,NATALIA
JUAN DIEGO DURANGO CARDONA (RST),Abril,98519787,\\srv-contab\Servidor de Archivos\2025 SERVIDOR\RUT\JUAN DIEGO DURANGO CARDONA.pdf,NATALIA
JUAN DIEGO DURANGO CARDONA (RST),Mayo,98519787,\\srv-contab\Servidor de Archivos\2025 SERVIDOR\RUT\JUAN DIEGO DURANGO CARDONA.pdf,NATALIA
JUAN DIEGO DURANGO CARDONA (RST),Junio,98519787,\\srv-contab\Servidor de Archivos\2025 SERVIDOR\RUT\JUAN DIEGO DURANGO CARDONA.pdf,NATALIA
JUAN DIEGO DURANGO CARDONA (RST),Julio,98519787,\\srv-contab\Servidor de Archivos\2025 SERVIDOR\RUT\JUAN DIEGO DURANGO CARDONA.pdf,NATALIA
JUAN DIEGO DURANGO CARDONA (RST),Agosto,98519787,\\srv-contab\Servidor de Archivos\2025 SERVIDOR\RUT\JUAN DIEGO DURANGO CARDONA.pdf,NATALIA
JUAN DIEGO DURANGO CARDONA (RST),Septiembre,98519787,\\srv-contab\Servidor de Archivos\2025 SERVIDOR\RUT\JUAN DIEGO DURANGO CARDONA.pdf,NATALIA
JUAN DIEGO DURANGO CARDONA (RST),Octubre,98519787,\\srv-contab\Servidor de Archivos\2025 SERVIDOR\RUT\JUAN DIEGO DURANGO CARDONA.pdf,NATALIA
JUAN DIEGO DURANGO CARDONA (RST),Noviembre,98519787,\\srv-contab\Servidor de Archivos\2025 SERVIDOR\RUT\JUAN DIEGO DURANGO CARDONA.pdf,NATALIA
JUAN DIEGO DURANGO CARDONA (RST),Diciembre,98519787,\\srv-contab\Servidor de Archivos\2025 SERVIDOR\RUT\JUAN DIEGO DURANGO CARDONA.pdf,NATALIA
SANDRA MILENA CASTAÃO,Enero,32209857,\\srv-contab\Servidor de Archivos\2025 SERVIDOR\RUT\SANDRA MILENA CASTAÃO ARBELAEZ 2101.pdf,NATALIA
SANDRA MILENA CASTAÃO,Febrero,32209857,\\srv-contab\Servidor de Archivos\2025 SERVIDOR\RUT\SANDRA MILENA CASTAÃO ARBELAEZ 2101.pdf,NATALIA
SANDRA MILENA CASTAÃO,Marzo,32209857,\\srv-contab\Servidor de Archivos\2025 SERVIDOR\RUT\SANDRA MILENA CASTAÃO ARBELAEZ 2101.pdf,NATALIA
SANDRA MILENA CASTAÃO,Abril,32209857,\\srv-contab\Servidor de Archivos\2025 SERVIDOR\RUT\SANDRA MILENA CASTAÃO ARBELAEZ 2101.pdf,NATALIA
SANDRA MILENA CASTAÃO,Mayo,32209857,\\srv-contab\Servidor de Archivos\2025 SERVIDOR\RUT\SANDRA MILENA CASTAÃO ARBELAEZ 2101.pdf,NATALIA
SANDRA MILENA CASTAÃO,Junio,32209857,\\srv-contab\Servidor de Archivos\2025 SERVIDOR\RUT\SANDRA MILENA CASTAÃO ARBELAEZ 2101.pdf,NATALIA
SANDRA MILENA CASTAÃO,Julio,32209857,\\srv-contab\Servidor de Archivos\2025 SERVIDOR\RUT\SANDRA MILENA CASTAÃO ARBELAEZ 2101.pdf,NATALIA
SANDRA MILENA CASTAÃO,Agosto,32209857,\\srv-contab\Servidor de Archivos\2025 SERVIDOR\RUT\SANDRA MILENA CASTAÃO ARBELAEZ 2101.pdf,NATALIA
SANDRA MILENA CASTAÃO,Septiembre,32209857,\\srv-contab\Servidor de Archivos\2025 SERVIDOR\RUT\SANDRA MILENA CASTAÃO ARBELAEZ 2101.pdf,NATALIA
SANDRA MILENA CASTAÃO,Octubre,32209857,\\srv-contab\Servidor de Archivos\2025 SERVIDOR\RUT\SANDRA MILENA CASTAÃO ARBELAEZ 2101.pdf,NATALIA
SANDRA MILENA CASTAÃO,Noviembre,32209857,\\srv-contab\Servidor de Archivos\2025 SERVIDOR\RUT\SANDRA MILENA CASTAÃO ARBELAEZ 2101.pdf,NATALIA
SANDRA MILENA CASTAÃO,Diciembre,32209857,\\srv-contab\Servidor de Archivos\2025 SERVIDOR\RUT\SANDRA MILENA CASTAÃO ARBELAEZ 2101.pdf,NATALIA
ADRIANA MARCELA ARISTIZABAL ARISTIZABAL,Enero,1041202718,\\srv-contab\Servidor de Archivos\2025 SERVIDOR\RUT\ADRIANA MARCELA ARISTIZABAL ARISTIZABAL.pdf,NATALIA
ADRIANA MARCELA ARISTIZABAL ARISTIZABAL,Febrero,1041202718,\\srv-contab\Servidor de Archivos\2025 SERVIDOR\RUT\ADRIANA MARCELA ARISTIZABAL ARISTIZABAL.pdf,NATALIA
ADRIANA MARCELA ARISTIZABAL ARISTIZABAL,Marzo,1041202718,\\srv-contab\Servidor de Archivos\2025 SERVIDOR\RUT\ADRIANA MARCELA ARISTIZABAL ARISTIZABAL.pdf,NATALIA
ADRIANA MARCELA ARISTIZABAL ARISTIZABAL,Abril,1041202718,\\srv-contab\Servidor de Archivos\2025 SERVIDOR\RUT\ADRIANA MARCELA ARISTIZABAL ARISTIZABAL.pdf,NATALIA
ADRIANA MARCELA ARISTIZABAL ARISTIZABAL,Mayo,1041202718,\\srv-contab\Servidor de Archivos\2025 SERVIDOR\RUT\ADRIANA MARCELA ARISTIZABAL ARISTIZABAL.pdf,NATALIA
ADRIANA MARCELA ARISTIZABAL ARISTIZABAL,Junio,1041202718,\\srv-contab\Servidor de Archivos\2025 SERVIDOR\RUT\ADRIANA MARCELA ARISTIZABAL ARISTIZABAL.pdf,NATALIA
ADRIANA MARCELA ARISTIZABAL ARISTIZABAL,Julio,1041202718,\\srv-contab\Servidor de Archivos\2025 SERVIDOR\RUT\ADRIANA MARCELA ARISTIZABAL ARISTIZABAL.pdf,NATALIA
ADRIANA MARCELA ARISTIZABAL ARISTIZABAL,Agosto,1041202718,\\srv-contab\Servidor de Archivos\2025 SERVIDOR\RUT\ADRIANA MARCELA ARISTIZABAL ARISTIZABAL.pdf,NATALIA
ADRIANA MARCELA ARISTIZABAL ARISTIZABAL,Septiembre,1041202718,\\srv-contab\Servidor de Archivos\2025 SERVIDOR\RUT\ADRIANA MARCELA ARISTIZABAL ARISTIZABAL.pdf,NATALIA
ADRIANA MARCELA ARISTIZABAL ARISTIZABAL,Octubre,1041202718,\\srv-contab\Servidor de Archivos\2025 SERVIDOR\RUT\ADRIANA MARCELA ARISTIZABAL ARISTIZABAL.pdf,NATALIA
ADRIANA MARCELA ARISTIZABAL ARISTIZABAL,Noviembre,1041202718,\\srv-contab\Servidor de Archivos\2025 SERVIDOR\RUT\ADRIANA MARCELA ARISTIZABAL ARISTIZABAL.pdf,NATALIA
ADRIANA MARCELA ARISTIZABAL ARISTIZABAL,Diciembre,1041202718,\\srv-contab\Servidor de Archivos\2025 SERVIDOR\RUT\ADRIANA MARCELA ARISTIZABAL ARISTIZABAL.pdf,NATALIA
CONFECCIONES PYG S.A.S (RST),Enero,901531228,\\srv-contab\Servidor de Archivos\2025 SERVIDOR\RUT\CONFECCIONES P Y G.pdf,NATALIA
CONFECCIONES PYG S.A.S (RST),Febrero,901531228,\\srv-contab\Servidor de Archivos\2025 SERVIDOR\RUT\CONFECCIONES P Y G.pdf,NATALIA
CONFECCIONES PYG S.A.S (RST),Marzo,901531228,\\srv-contab\Servidor de Archivos\2025 SERVIDOR\RUT\CONFECCIONES P Y G.pdf,NATALIA
CONFECCIONES PYG S.A.S (RST),Abril,901531228,\\srv-contab\Servidor de Archivos\2025 SERVIDOR\RUT\CONFECCIONES P Y G.pdf,NATALIA
CONFECCIONES PYG S.A.S (RST),Mayo,901531228,\\srv-contab\Servidor de Archivos\2025 SERVIDOR\RUT\CONFECCIONES P Y G.pdf,NATALIA
CONFECCIONES PYG S.A.S (RST),Junio,901531228,\\srv-contab\Servidor de Archivos\2025 SERVIDOR\RUT\CONFECCIONES P Y G.pdf,NATALIA
CONFECCIONES PYG S.A.S (RST),Julio,901531228,\\srv-contab\Servidor de Archivos\2025 SERVIDOR\RUT\CONFECCIONES P Y G.pdf,NATALIA
CONFECCIONES PYG S.A.S (RST),Agosto,901531228,\\srv-contab\Servidor de Archivos\2025 SERVIDOR\RUT\CONFECCIONES P Y G.pdf,NATALIA
CONFECCIONES PYG S.A.S (RST),Septiembre,901531228,\\srv-contab\Servidor de Archivos\2025 SERVIDOR\RUT\CONFECCIONES P Y G.pdf,NATALIA
CONFECCIONES PYG S.A.S (RST),Octubre,901531228,\\srv-contab\Servidor de Archivos\2025 SERVIDOR\RUT\CONFECCIONES P Y G.pdf,NATALIA
CONFECCIONES PYG S.A.S (RST),Noviembre,901531228,\\srv-contab\Servidor de Archivos\2025 SERVIDOR\RUT\CONFECCIONES P Y G.pdf,NATALIA
CONFECCIONES PYG S.A.S (RST),Diciembre,901531228,\\srv-contab\Servidor de Archivos\2025 SERVIDOR\RUT\CONFECCIONES P Y G.pdf,NATALIA
JHON DAIRO GOMEZ GIRALDO,Enero,1045020879,\\srv-contab\Servidor de Archivos\2025 SERVIDOR\RUT\JHON DAIRO GOMEZ GIRALDO.pdf,NATALIA
JHON DAIRO GOMEZ GIRALDO,Febrero,1045020879,\\srv-contab\Servidor de Archivos\2025 SERVIDOR\RUT\JHON DAIRO GOMEZ GIRALDO.pdf,NATALIA
JHON DAIRO GOMEZ GIRALDO,Marzo,1045020879,\\srv-contab\Servidor de Archivos\2025 SERVIDOR\RUT\JHON DAIRO GOMEZ GIRALDO.pdf,NATALIA
JHON DAIRO GOMEZ GIRALDO,Abril,1045020879,\\srv-contab\Servidor de Archivos\2025 SERVIDOR\RUT\JHON DAIRO GOMEZ GIRALDO.pdf,NATALIA
JHON DAIRO GOMEZ GIRALDO,Mayo,1045020879,\\srv-contab\Servidor de Archivos\2025 SERVIDOR\RUT\JHON DAIRO GOMEZ GIRALDO.pdf,NATALIA
JHON DAIRO GOMEZ GIRALDO,Junio,1045020879,\\srv-contab\Servidor de Archivos\2025 SERVIDOR\RUT\JHON DAIRO GOMEZ GIRALDO.pdf,NATALIA
JHON DAIRO GOMEZ GIRALDO,Julio,1045020879,\\srv-contab\Servidor de Archivos\2025 SERVIDOR\RUT\JHON DAIRO GOMEZ GIRALDO.pdf,NATALIA
JHON DAIRO GOMEZ GIRALDO,Agosto,1045020879,\\srv-contab\Servidor de Archivos\2025 SERVIDOR\RUT\JHON DAIRO GOMEZ GIRALDO.pdf,NATALIA
JHON DAIRO GOMEZ GIRALDO,Septiembre,1045020879,\\srv-contab\Servidor de Archivos\2025 SERVIDOR\RUT\JHON DAIRO GOMEZ GIRALDO.pdf,NATALIA
JHON DAIRO GOMEZ GIRALDO,Octubre,1045020879,\\srv-contab\Servidor de Archivos\2025 SERVIDOR\RUT\JHON DAIRO GOMEZ GIRALDO.pdf,NATALIA
JHON DAIRO GOMEZ GIRALDO,Noviembre,1045020879,\\srv-contab\Servidor de Archivos\2025 SERVIDOR\RUT\JHON DAIRO GOMEZ GIRALDO.pdf,NATALIA
JHON DAIRO GOMEZ GIRALDO,Diciembre,1045020879,\\srv-contab\Servidor de Archivos\2025 SERVIDOR\RUT\JHON DAIRO GOMEZ GIRALDO.pdf,NATALIA
HERNAN CARLOS HURTADO CORREA,Enero,70254579,\\srv-contab\Servidor de Archivos\2025 SERVIDOR\RUT\HERNAN CARLOS HURTADO CORREA.pdf,NATALIA
HERNAN CARLOS HURTADO CORREA,Febrero,70254579,\\srv-contab\Servidor de Archivos\2025 SERVIDOR\RUT\HERNAN CARLOS HURTADO CORREA.pdf,NATALIA
HERNAN CARLOS HURTADO CORREA,Marzo,70254579,\\srv-contab\Servidor de Archivos\2025 SERVIDOR\RUT\HERNAN CARLOS HURTADO CORREA.pdf,NATALIA
HERNAN CARLOS HURTADO CORREA,Abril,70254579,\\srv-contab\Servidor de Archivos\2025 SERVIDOR\RUT\HERNAN CARLOS HURTADO CORREA.pdf,NATALIA
HERNAN CARLOS HURTADO CORREA,Mayo,70254579,\\srv-contab\Servidor de Archivos\2025 SERVIDOR\RUT\HERNAN CARLOS HURTADO CORREA.pdf,NATALIA
HERNAN CARLOS HURTADO CORREA,Junio,70254579,\\srv-contab\Servidor de Archivos\2025 SERVIDOR\RUT\HERNAN CARLOS HURTADO CORREA.pdf,NATALIA
HERNAN CARLOS HURTADO CORREA,Julio,70254579,\\srv-contab\Servidor de Archivos\2025 SERVIDOR\RUT\HERNAN CARLOS HURTADO CORREA.pdf,NATALIA
HERNAN CARLOS HURTADO CORREA,Agosto,70254579,\\srv-contab\Servidor de Archivos\2025 SERVIDOR\RUT\HERNAN CARLOS HURTADO CORREA.pdf,NATALIA
HERNAN CARLOS HURTADO CORREA,Septiembre,70254579,\\srv-contab\Servidor de Archivos\2025 SERVIDOR\RUT\HERNAN CARLOS HURTADO CORREA.pdf,NATALIA
HERNAN CARLOS HURTADO CORREA,Octubre,70254579,\\srv-contab\Servidor de Archivos\2025 SERVIDOR\RUT\HERNAN CARLOS HURTADO CORREA.pdf,NATALIA
HERNAN CARLOS HURTADO CORREA,Noviembre,70254579,\\srv-contab\Servidor de Archivos\2025 SERVIDOR\RUT\HERNAN CARLOS HURTADO CORREA.pdf,NATALIA
HERNAN CARLOS HURTADO CORREA,Diciembre,70254579,\\srv-contab\Servidor de Archivos\2025 SERVIDOR\RUT\HERNAN CARLOS HURTADO CORREA.pdf,NATALIA
